BURNI,40.6568444444,-77.8039138889
TYROO,40.735,-78.3313888889
LNDIZ,37.1122583333,-81.7527583333
KD48Q,38.0,-110.0
SINSY,38.7838722222,-108.707433333
PITMN,39.1007444444,-107.308611111
PAYTN,31.467875,-87.8855305556
THHMP,37.4915194444,-77.3190972222
KEMAN,39.8605027778,-80.0417083333
CREWE,37.0230138889,-78.2176722222
TYDOE,32.821375,-81.5616361111
CEGRM,39.5181666667,-85.4850111111
GEEKY,32.2795333333,-99.8836361111
STUFT,31.4943333333,-95.933975
JESIE,40.0235333333,-106.875422222
DIESL,30.9644916667,-98.8421138889
PHEEB,40.2641194444,-89.2733444444
BENKY,41.5118305556,-88.7090166667
MYRRS,42.5238944444,-92.059925
DRRVR,32.1752472222,-109.290508333
BRIGS,39.5235333333,-74.1387972222
CELTS,42.213075,-70.8145833333
NELIE,41.9410111111,-72.6885777778
ZIZZI,38.9406833333,-74.5289638889
LAFLN,38.7909444444,-75.5132555556
DUNKN,31.9782944444,-81.9654388889
GONZZ,43.0894444444,-76.6866666667
WWSHR,41.3428027778,-82.0516
BARTL,34.3031777778,-78.6514944444
KONGO,37.5054055556,-82.1368222222
STVEY,31.69215,-96.9572055556
CEBEE,36.8813388889,-76.1581972222
WETRO,36.3874944444,-76.4427277778
AYBID,28.3249111111,-79.2625305556
FANPO,38.4236777778,-78.2308888889
NIOLA,34.7832194444,-85.2705805556
ALEAN,36.7318527778,-81.6239388889
GEFFS,39.01385,-80.8138472222
YOCKY,37.6541083333,-84.1562361111
GROAT,36.7490805556,-85.4049027778
EHMAN,43.1421055556,-78.3548194444
NUGGY,39.7429333333,-76.0061694444
KERYN,40.3778305556,-76.2723916667
TRISH,39.5034527778,-76.3738861111
HUBBS,37.9618805556,-76.6459833333
WEAVR,35.8538583333,-77.1343027778
KEATN,40.9313972222,-81.6555888889
JOSSY,42.8916472222,-77.0435555556
HAGAR,41.4607,-80.2544972222
FOXEE,41.1938527778,-80.4955805556
LEJOY,40.0033944444,-79.4148916667
EMNEM,39.5242,-80.0745027778
KLYNE,40.6984611111,-83.312275
COLNS,38.8404111111,-79.1968361111
MAULL,40.9216472222,-79.3291638889
KODIE,40.4688666667,-80.3315416667
DIRRK,34.1380111111,-93.7764305556
SHILO,39.6833888889,-76.6148916667
CANDR,40.9709861111,-74.9598277778
HANAA,43.1977944444,-73.612825
HOCKE,43.26205,-82.7106305556
COLTS,42.9636638889,-79.3206055556
BOREK,42.9375,-79.9475
AXXIS,42.8305861111,-81.9833805556
FEWWW,34.1955694444,-93.9022916667
YUYUN,32.451475,-92.9130944444
BFOLO,34.0594388889,-86.5251361111
JRHED,33.8050527778,-94.4088611111
GOATR,43.2905777778,-76.6521527778
POLAR,42.8374083333,-83.7354388889
MOBBS,42.1252333333,-73.2601638889
SAGES,42.0462027778,-74.3195361111
COATE,41.1362277778,-74.6951666667
GEDIC,40.1461388889,-73.2019416667
BERGH,39.1324555556,-72.0515777778
AZEZU,37.8744722222,-72.3786666667
PAEPR,35.042,-72.4165833333
BAHAA,30.423,-78.9946583333
CRANS,28.3035444444,-79.5338027778
KEMPR,36.7494555556,-76.4887555556
HARES,33.0,-91.7333333333
COLZI,36.2276083333,-80.5087666667
DEBIE,34.9302944444,-81.8089055556
BGRED,33.8456277778,-83.6830194444
RYMES,41.1916666667,-73.5307555556
HAARP,41.1163527778,-73.5934833333
VALRE,41.4353277778,-73.8817361111
SASHA,42.1329722222,-73.1487194444
LAAYK,41.4757333333,-75.4825861111
WILSS,40.275975,-77.4863166667
AVALO,39.2818111111,-74.5140972222
KROLL,39.3001305556,-77.3666527778
CHOPS,38.7616138889,-75.96005
TAPPA,37.9701833333,-76.8446166667
RINTE,40.2878083333,-84.0429194444
ESENT,32.1578138889,-80.9177166667
ARCAV,40.96605,-71.7987833333
PARCH,41.0992277778,-72.1207388889
ROBER,40.6854638889,-73.0326111111
CREEP,39.9209111111,-84.308725
UNCKL,37.4813555556,-84.7163305556
DORET,41.8016388889,-80.5846222222
CLAWD,36.4191611111,-81.1471527778
HIBAC,29.0940638889,-79.5679583333
ASHEN,41.4804916667,-84.64675
BAGEL,41.515975,-85.6136888889
JAARE,35.7388194444,-83.5416
TALLO,34.7059638889,-87.5117722222
WASER,34.2073722222,-88.0288416667
JENKS,30.6353583333,-78.6954416667
JORAY,28.3428138889,-79.0349666667
ALPHE,42.4359,-84.5099166667
BRAVE,42.6986583333,-87.3493416667
MTCAF,41.7698166667,-76.5223833333
RAAKK,42.3997222222,-78.9108333333
RUBYY,43.0177194444,-84.5878388889
SUDDS,43.14365,-87.3649916667
KAMMA,43.117375,-88.2852305556
KELTI,43.2825,-78.9333333333
ZOHAN,43.9325,-84.3858333333
CEWDA,44.8088888889,-88.55
WATSN,41.2834527778,-86.0353361111
EMPTY,39.9632972222,-83.1869444444
COSSY,41.5329916667,-70.9505305556
VINSE,39.9711694444,-77.9558888889
KONJE,41.8206944444,-77.1092833333
BINKS,39.0519555556,-77.0298805556
JMACK,33.9885027778,-78.9665833333
INYOE,37.8956222222,-118.764991667
SLLAP,43.4500833333,-84.9388305556
HUFFR,45.1468416667,-93.4915722222
DKOTA,45.3713888889,-97.6241666667
MRRLO,38.8975472222,-122.578233333
KNGRY,38.0115555556,-117.557855556
SKOVE,39.7754555556,-91.2195861111
CASIO,40.9203444444,-82.4307166667
FYLLS,39.9067527778,-84.6305111111
LEEAH,39.2609083333,-74.9530583333
PENSY,39.9072111111,-76.1825361111
KATZN,36.9686777778,-76.7834027778
TERPZ,39.2224194444,-77.1389694444
HIRCK,38.7309305556,-77.4993611111
JDUBB,38.2998361111,-77.6499333333
RRSIN,36.9520388889,-79.0590388889
BUTRZ,38.5265833333,-77.7945694444
CLTCH,38.4476722222,-77.9055944444
KERRK,38.1760472222,-78.3932944444
FLASK,37.0177555556,-80.3162833333
JERES,39.6428888889,-77.4550555556
LARRI,39.9506472222,-77.2983722222
SCRAM,38.3711666667,-77.7985472222
WALCE,37.7220638889,-78.7981111111
LEONI,39.9853555556,-78.3225333333
HACKS,39.1294138889,-81.0930277778
BILIT,38.7543944444,-76.0659972222
BUFFR,39.4593472222,-77.5983138889
HAGUD,41.1921527778,-80.4161111111
SPICA,42.5084083333,-82.5463083333
HENBY,36.7194861111,-80.0248083333
BUSTR,39.8383888889,-78.0982944444
MAULS,37.8803777778,-79.3303305556
GARED,38.6945583333,-76.0227666667
MELTN,37.2025611111,-78.5789805556
TRAKS,36.1349694444,-80.6876444444
KLINE,41.2635666667,-84.1939638889
MULBE,36.2722388889,-81.3242611111
PEGTE,35.7399472222,-80.7002916667
DORFF,36.9451444444,-81.4658638889
PAYGE,43.0140222222,-74.2535444444
ACOVE,42.2347833333,-74.0318305556
DBABE,41.1416666667,-74.0961111111
EMJAY,40.093025,-73.2617527778
COREX,36.0032277778,-81.4487083333
JEFFF,41.2462166667,-74.462025
ARNII,43.2499777778,-74.3333722222
GREBE,33.2191,-108.163616667
CEDOR,42.7461555556,-74.3083722222
WOZEE,42.9337916667,-78.7387888889
KENPA,44.795,-82.3933333333
OBSTR,43.6950555556,-85.2148694444
NOSIK,43.9833333333,-82.1978615
PAGER,43.4237888889,-76.1584277778
MERTO,43.8766666667,-76.6066666667
SIKBO,43.6536111111,-79.3491666667
KAPUX,45.0806833333,-79.7498527778
KENLU,44.3213888889,-79.2147222222
BUGSY,44.7226527778,-74.1414111111
SHIKY,44.1944444444,-88.4180555556
DUUCE,38.7219083333,-101.585805556
TAMEY,35.9830722222,-105.48075
ROSEI,36.1233083333,-107.585847222
ZAPAA,37.7210694444,-105.622972222
DATME,36.6642083333,-106.115766667
ESPAN,36.1198194444,-106.357038889
TEHRU,39.2426055556,-106.720891667
WYNDM,40.3832222222,-101.423944444
CINIV,40.772175,-100.829547222
NUXRO,41.8706583333,-100.343241667
TAYOT,41.9815611111,-103.880130556
PYPER,38.062825,-103.686202778
WILVA,38.8045388889,-101.30285
NUKLZ,34.2820805556,-97.4340611111
CHICI,41.3977333333,-103.172855556
DEHLI,41.5675527778,-102.262502778
QWILT,40.1723972222,-100.993811111
STNLI,34.3798861111,-99.5552083333
TURKI,34.300925,-101.060838889
FISAR,41.5650583333,-105.236372222
DAAYE,38.0112305556,-105.778941667
HELPS,37.6077777778,-106.831944444
BDROC,38.4509111111,-108.605516667
FAWNT,34.187925,-97.5743583333
MDANO,34.3277555556,-99.5768972222
ZIRKL,40.1324833333,-101.371469444
LORAH,44.7575027778,-93.2084583333
DAYYY,44.1694444444,-84.3730555556
RUBKI,44.2488888889,-82.25722025
AHPAH,43.3052777778,-78.1264194444
HANKK,42.89495,-77.154225
FABEN,42.8533444444,-75.9521972222
OLABA,44.4763888889,-76.2033333333
SAVAL,44.9041666667,-74.7003333333
MOTLY,44.7640083333,-102.428677778
KINGZ,46.2174583333,-92.30585
NOTAP,45.2083333333,-82.4750833333
TULEG,43.7319027778,-76.7193972222
WAYGO,43.4166666667,-75.9166666667
TTAIL,46.6911111111,-96.6858333333
FENOK,47.5365111111,-93.0838777778
STNRD,47.0166666667,-87.05
NIWRA,46.9960222222,-94.4974583333
VURLY,46.9227722222,-91.9834638889
ULUTO,46.3044444444,-84.0947222222
CHICA,48.8664,-85.2697444444
JUNIS,46.7879611111,-76.8022083333
NARNE,38.2464333333,-102.447955556
WEEDS,39.1120194444,-102.012991667
JOPLN,37.4104527778,-104.184363889
GATTR,38.949475,-101.447505556
ELWAY,38.4157277778,-106.343075
GUILT,39.0398972222,-106.677366667
TRUEL,39.6878583333,-107.298247222
BINKE,38.0071083333,-105.592672222
UCOKA,31.3166666667,-100.083333333
SHAYK,39.54555,-101.409527778
WUTIB,36.7218277778,-93.3655888889
AUDIL,42.8718722222,-76.443075
CANAN,42.4928388889,-73.4466861111
CUSGA,44.7601388889,-107.294788889
JEKUG,44.3062333333,-109.761991667
YACKS,37.4824277778,-90.3233805556
REAPS,43.1632027778,-114.092905556
BROPH,42.7210305556,-114.8755
PONCT,42.7468972222,-73.8133527778
NABOR,42.9686166667,-76.7848777778
WOOST,41.6957833333,-82.7891861111
NUSMM,40.0336916667,-80.8172277778
HUUVR,40.6833333333,-81.7333333333
HANKI,41.6319805556,-102.930133333
TAZZA,35.8143666667,-84.6441305556
SKYWA,36.5270305556,-84.3617777778
LUFSE,39.2137722222,-104.384344444
ADANE,38.9159055556,-104.399016667
HYDES,34.3650777778,-98.4050527778
HITUG,35.9125722222,-95.4888138889
BGTOE,32.186,-99.8432972222
DITSY,31.4158166667,-98.0641861111
WAVES,37.5870944444,-77.4477861111
BUCKO,39.2938388889,-79.8250277778
GUTZZ,31.4124527778,-98.1390083333
SLNNK,33.3266666667,-107.290575
EVOTE,41.9510083333,-85.2301694444
NELLS,41.9349222222,-83.4962
KEEHO,41.9175944444,-81.8309555556
KODEY,42.2798694444,-75.7844444444
VOAXA,39.78845,-106.532686111
BEBOP,36.9999444444,-125.001161111
BITTA,23.5280305556,-155.478836111
KROST,38.4209388889,-116.198605556
ALCOA,37.8332527778,-125.834525
APACK,24.0437027778,-156.319541667
NNEAL,31.1965722222,-96.6796972222
KOBLE,29.8728333333,-101.438888889
AMMMO,28.5888944444,-96.5534333333
BELLR,29.3248472222,-96.0886583333
ELLVR,31.7081166667,-96.8377916667
EXTOL,42.6576916667,-76.6183611111
JAXSN,36.7106166667,-78.7898083333
DORRN,37.5316777778,-77.8937833333
YEEHA,28.5647416667,-97.6189027778
USIRE,39.8397333333,-89.6775166667
BRBIE,41.6508333333,-88.0227611111
WIDAM,38.9203722222,-88.4815972222
PONEE,42.2697611111,-73.1377055556
KG75M,42.5,-88.0
DAFLU,42.3791,-82.7055916667
SAWED,37.5335361111,-75.8580833333
YODAA,41.7225527778,-74.0313222222
PRNCE,41.9735416667,-74.4700694444
FIKEB,41.4903,-105.479961111
GERBS,41.7777388889,-84.4250555556
TEESY,41.4211055556,-80.1118194444
MARUE,35.2563888889,-114.881944444
NATEE,35.6205555556,-115.373888889
DEFUN,30.8142416667,-86.1314138889
JALAP,40.8383333333,-93.5633333333
BONIL,41.3428638889,-98.9481416667
IGLOO,35.8184777778,-91.7365416667
YERIN,38.9796861111,-118.961641667
KS69G,41.5,-120.0
OGECA,42.6401527778,-92.0836305556
WEARD,41.7621194444,-74.5250194444
BECON,31.7882166667,-106.712547222
ROKKK,42.6166666667,-94.0675
SSWAN,44.1572222222,-95.9536111111
UFFDA,44.4961111111,-96.0902777778
TATOO,38.3283333333,-117.280555556
MONOH,38.125175,-118.746972222
ROLLS,35.7227444444,-99.4706972222
BENNR,42.5264666667,-90.8206611111
CHMPN,42.429875,-89.0588027778
THATS,45.1063944444,-91.4726888889
IYGUR,45.0608833333,-89.0708055556
JOTBA,45.1668611111,-120.520075
KU87I,44.5,-118.0
TRAKK,40.3089861111,-83.1715972222
PUMPS,36.2185388889,-107.693233333
DUTEY,34.8648555556,-112.322066667
MAIER,34.4464416667,-112.23025
CDOGG,43.4640944444,-71.1410555556
NEETS,43.5140972222,-71.1556
FIKLA,41.9390277778,-106.953063889
TELCU,41.6056222222,-106.89505
NEDAE,41.2877611111,-107.678822222
TILLI,40.2339722222,-106.825027778
SBURG,40.2751694444,-106.893741667
LJAYY,35.4068555556,-110.983672222
LEGGS,39.336625,-121.095763889
PIETZ,37.5992527778,-113.145027778
KU51O,38.5,-112.0
ROCCY,37.8282305556,-111.999955556
KU51Q,38.5,-110.0
SHERZ,44.3680277778,-106.706555556
KATTS,38.3333333333,-116.333333333
RIFMN,39.4479027778,-109.763058333
HELPR,39.7531416667,-110.548122222
CRASY,38.5764055556,-118.140797222
ANAHO,39.9611027778,-119.415638889
JOGEL,37.4664777778,-104.356880556
HAVWU,37.9713666667,-108.460319444
HUNTO,36.4677416667,-94.3918027778
IVIVE,48.4104361111,-108.406275
SANIN,44.0780555556,-77.4319444444
MIGLO,44.635834,-76.2105271667
METOW,48.1333333333,-120.15
VESDO,49.9775,-111.3175
EBGAL,50.6969444444,-113.371944444
MONEE,43.2405,-84.4641527778
CMSKY,41.4130555556,-87.8772222222
CARYN,41.2497222222,-87.8925
CYBIL,40.3166666667,-87.8644444444
OGALE,41.4025,-93.4813888889
ROTTN,40.9958333333,-93.5255555556
LEWKE,41.7619444444,-87.0633333333
DENNT,41.4191666667,-87.7247222222
DARCY,41.2022222222,-87.7258333333
DREGS,40.3166666667,-87.6075
DUMGE,39.9863888889,-87.3983333333
SCOTO,39.1691472222,-86.8547194444
SWAPP,36.6138277778,-85.1822333333
MYKIE,42.1632527778,-88.8084444444
MONNY,42.0789472222,-91.2810555556
JORDY,42.0865361111,-93.5257833333
PEKUE,41.7965694444,-88.8084444444
PIPPN,41.6734083333,-89.728075
EARND,41.4252777778,-87.5722222222
ELANR,41.2016666667,-87.5333333333
EMMLY,40.45,-87.3333333333
ERECO,39.9863888889,-87.1166666667
RAYNR,42.310925,-87.8259027778
BRTMN,42.4738361111,-87.8052111111
DNIKA,42.6209416667,-87.8176138889
TAAYZ,42.7255361111,-87.8213611111
PETTY,42.8273555556,-87.6339194444
PECOK,44.0076861111,-85.7207527778
NOTWO,34.2027861111,-84.3016805556
TONIO,37.2542222222,-83.0298694444
DUMMR,40.4696333333,-76.1111611111
SOONE,33.0774,-84.2052027778
EAONE,33.8744388889,-83.8000916667
RYCKI,36.4119583333,-80.41875
ILLSA,37.6488472222,-80.2217888889
BOBBD,35.7993305556,-83.8594166667
TWINS,32.7785416667,-82.3121805556
DWYTE,34.2611888889,-79.2668361111
JAACE,35.5462861111,-85.7486611111
SARGE,32.2981472222,-84.5721611111
ARNNY,32.3446111111,-86.9912694444
EATWO,33.6169166667,-83.7366444444
WEONE,33.5256888889,-85.1222472222
POUNC,33.4196944444,-85.2102916667
GRGIA,33.0770777778,-86.5677722222
LUCKK,32.3003472222,-84.4081388889
SMTTH,35.9115472222,-84.0054833333
BEARI,37.2005472222,-78.256625
NOONE,34.2018416667,-84.5741805556
SOTWO,33.0447333333,-84.4231222222
JAMMR,33.2321361111,-86.9423194444
PENCL,34.2553861111,-84.7133111111
LEDRR,35.1148861111,-85.0798166667
STEIT,32.7337972222,-87.8629027778
WETWO,33.7286444444,-85.1238638889
HANKO,33.8383555556,-85.6485305556
RESPE,35.5918222222,-84.9200861111
LUKKN,29.86455,-95.7818722222
STNGA,33.1176333333,-87.4535277778
WINAP,32.6333333333,-89.3655555556
WEEED,29.7792055556,-96.1819277778
PLMMR,33.9528222222,-83.7270055556
SMKEY,34.2882888889,-84.2617944444
HUCHH,34.763675,-84.1500861111
MICAH,40.1591972222,-77.4464
VILLS,39.301075,-75.110525
MEMMS,42.5165861111,-76.3042861111
WILET,42.5588194444,-75.8881694444
RAIMY,38.21,-76.9947222222
AGARD,39.0435805556,-76.0697611111
ZANZA,34.8017916667,-86.4720361111
JAGIR,34.6504194444,-85.0115222222
COZIE,24.6813888889,-76.9819444444
PEGYY,22.1738888889,-72.4013888889
BROUN,31.4600861111,-81.3238722222
BERTT,31.1672555556,-81.6983305556
SALMS,35.0009027778,-86.7854972222
GETME,34.019,-87.174575
DEVAC,34.6180805556,-87.4351666667
JONEN,37.9858083333,-82.5461638889
RAFTN,35.0479638889,-84.4049611111
JOOEY,38.0058555556,-79.9761111111
KELLN,34.5258944444,-82.1713666667
PEETT,36.4458138889,-78.5711583333
GOOOB,36.4130555556,-78.3012138889
DURRI,40.4833333333,-81.9333333333
BULEY,37.6585833333,-82.7638583333
DARYN,38.7688333333,-82.0160888889
DEQUE,32.4264027778,-81.51855
COMDY,35.8936833333,-83.4670222222
ATUME,36.9537916667,-83.0567666667
ARTUR,36.5328722222,-83.7853638889
TAYOS,37.6395444444,-83.5881666667
JAKIE,38.4319888889,-84.1530444444
PNUTS,31.6065388889,-93.5388611111
PUDJE,32.4858222222,-92.9246027778
GLAZR,36.4224388889,-84.7803583333
KIWII,36.582475,-78.6677555556
FUUFF,36.4138638889,-78.3689555556
KIISS,38.1934277778,-101.443402778
RENAH,24.5665638889,-73.552225
ASIVO,19.96,-69.6925
ATTIK,28.8344444444,-80.6005555556
HICKI,39.0185972222,-84.9480083333
LAMBS,37.9816055556,-87.1501777778
TEPEE,28.0003138889,-82.3665361111
HITTR,29.0962472222,-82.446975
WALET,32.3655083333,-83.9130833333
FAGAN,29.4291694444,-82.6081583333
PIONS,41.6538833333,-84.4819222222
SCALY,30.6620555556,-88.9062861111
LOTTA,31.1412,-96.8479416667
LITLE,31.1143638889,-97.5524388889
UNMAN,35.02195,-82.2301388889
PELZE,34.5839444444,-82.556825
YONTO,35.8477388889,-83.4698027778
OZONE,35.5618416667,-82.5838305556
VOLVY,32.7820555556,-82.9070694444
TADPO,24.0004388889,-81.2169972222
DOLPH,28.2524694444,-90.0532361111
KEHLI,24.4861111111,-89.8402777778
WAMPM,34.1881972222,-86.5226361111
BYJAC,35.9575222222,-80.1507861111
BZNGA,36.4146666667,-78.4969666667
SLGGR,38.1036277778,-85.5774583333
SARDI,40.5240583333,-72.7988527778
CAPPS,30.5453361111,-83.9049805556
DUCHY,31.738075,-82.9142111111
YAALL,33.7934166667,-87.4808972222
CHOOK,33.9346166667,-87.4559472222
XESSS,34.3140611111,-90.1174388889
KAJIN,33.549675,-85.224475
MEVEE,33.49385,-90.6259055556
JIMIE,26.7471277778,-97.743025
PNTHA,33.2793277778,-85.7748583333
SMYTH,42.5046,-73.8849611111
DITZL,35.5624972222,-88.424375
LEEDN,41.7131583333,-88.3163527778
MACES,40.0036805556,-86.72295
VINNE,41.0526777778,-87.1498611111
EXARR,42.85,-87.4444444444
CERMO,28.6371277778,-81.8022805556
EMAHH,35.597725,-85.4722555556
MNOSO,42.3822,-92.5574861111
TIKIE,32.512325,-81.7647861111
DEEDS,25.9778638889,-81.2332222222
KNOST,28.0007083333,-83.4233305556
PISAD,24.2886111111,-87.1402777778
IRDOV,24.5,-88.2058333333
HEVVN,29.821975,-83.8952472222
PLYER,28.9476,-83.3357194444
PAYSO,34.3544555556,-110.795013889
BIGXX,39.3309611111,-85.4974444444
NUTZE,35.8445638889,-77.6824222222
DRONE,36.5292305556,-76.6708472222
GRAYM,42.1011861111,-72.031525
JKNOX,45.5174027778,-120.411313889
PENSI,30.7932444444,-87.2737555556
DARED,31.0014861111,-85.8506583333
KPASS,36.6490444444,-81.8328527778
KELCE,37.1851055556,-77.9163138889
ZORBO,41.6572444444,-79.2074916667
RUMPS,38.1194444444,-117.270833333
HIMDU,34.4016666667,-114.014166667
FILPS,41.9418666667,-74.3952305556
BEEPS,42.82035,-76.9846777778
FALVA,34.4718444444,-86.0795861111
PIGON,31.5593277778,-86.6642166667
MELON,25.5195416667,-77.4768611111
PBERG,44.7017361111,-73.5228277778
LATTS,44.8582722222,-73.5414611111
FINGL,42.7565944444,-81.3227777778
OXMAN,42.1105555556,-79.3661111111
DILLO,30.7963222222,-98.7871972222
MUCKY,30.4186166667,-98.8652138889
KLNGR,31.2235527778,-98.0388472222
JESSO,30.2885388889,-96.0584305556
MIXIE,32.7220555556,-93.1809916667
EEGUL,42.6253416667,-73.1379194444
KALBE,31.2849444444,-89.5935833333
TINCA,34.7328388889,-87.2510111111
GUSTI,29.9709277778,-92.9098027778
AWDAD,30.1165,-90.9521
BNDIA,29.6441444444,-98.4611722222
HALEN,37.8310694444,-102.132541667
ZIGEE,37.5195416667,-102.780161111
FORSS,31.1721888889,-98.0777388889
BRAZO,36.8209305556,-106.651786111
NAVYS,31.3881805556,-96.3136833333
BEREE,32.2770861111,-96.3257055556
AVVVS,40.0355055556,-104.767544444
BAGGS,27.1342444444,-82.8408888889
TERGE,37.9284638889,-87.762275
AJFEB,33.64035,-84.1704777778
ZITTO,36.8614444444,-77.9049972222
REMIS,27.8840527778,-85.2578861111
VELCO,31.1777666667,-94.4091555556
HOPAP,37.7434138889,-84.3856277778
VOSTK,38.4710722222,-84.7176611111
HEVAN,39.3524611111,-85.1296388889
HINGZ,42.1588361111,-74.3622444444
RUSME,37.4941666667,-117.52
BLOND,27.9143805556,-83.1635472222
QWERI,42.6820138889,-82.2585944444
DIANO,41.0005527778,-76.22605
SWANK,41.3023333333,-76.1561611111
GIZMO,35.54975,-80.6547888889
VEERS,41.9103111111,-73.2866
BASYE,41.3437222222,-73.7986083333
FORKS,37.0698111111,-85.7265861111
ROTMA,45.8319444444,-83.3941666667
COLDD,46.7444444444,-92.2966666667
APUNY,47.291225,-93.5420388889
BEETS,39.9557138889,-77.449875
OATHE,38.8497305556,-101.794258333
IBAKE,35.0232277778,-97.5032972222
TALCO,42.0627694444,-74.1077361111
GANDE,41.5101833333,-73.8144527778
SHERL,40.2557083333,-73.1217388889
FIBER,33.6284694444,-87.2816666667
HAFNR,38.39735,-77.566375
LLNCH,27.4354638889,-80.6956833333
BIGGY,40.4196555556,-74.9726583333
BEADS,40.7345861111,-72.5428361111
DRIFT,39.8148777778,-73.680425
REVSS,42.3454361111,-71.8102972222
SSOXS,41.8368388889,-70.7461833333
LUCOS,41.6381277778,-70.7682194444
HYLND,42.7808666667,-71.2753
BOSOX,42.2018861111,-71.6276777778
MANTA,39.9019472222,-73.5421194444
LAMMY,28.3741666667,-95.47
BAYYY,29.3774527778,-94.3710972222
BUBAY,30.9129666667,-101.346236111
LINKK,29.5291388889,-94.2961194444
HOGGZ,32.7748611111,-114.0692
HILEY,26.2543916667,-80.0130833333
KLAWW,35.8502972222,-96.0311888889
POTTY,34.7045555556,-99.3478444444
TRICH,41.2094277778,-88.8075527778
TRTLL,41.3705638889,-88.6116111111
BUZRD,41.5460777778,-70.9640805556
PATSS,42.0890722222,-71.7108416667
BLZZR,42.2173305556,-71.7601638889
MECAN,40.0861805556,-83.5082222222
CESNA,45.8705555556,-92.1830555556
LAAKE,44.5865944444,-93.1169611111
CASSH,41.5939333333,-73.7047416667
BURDY,41.9553166667,-70.9520694444
HIDEL,48.0291805556,-101.188722222
KENPE,46.4647416667,-108.610263889
EXHOS,46.6849527778,-102.708730556
TOUGH,46.2328861111,-105.214527778
OGSIQ,47.4246138889,-101.821294444
RUDVI,49.0002777778,-105.0
WILTN,47.0828027778,-100.795511111
FOSIG,43.8175,-101.421666667
RBUCL,39.0700527778,-122.02615
CORKR,36.0839611111,-112.400358333
BAVPE,35.5895027778,-111.880444444
ALVID,43.9047222222,-76.6011111111
DEDKI,43.5222222222,-79.4955555556
VAIRS,42.1464527778,-78.62775
HOXIE,41.8650111111,-77.8526055556
EMMMA,42.8844333333,-84.5806666667
ZANLA,41.1897222222,-84.8463888889
CHAAP,42.5052833333,-80.6826
DICEE,37.2193277778,-111.223938889
MAJKK,31.51775,-95.5614583333
KG78K,43.0,-90.0
KG72M,42.0,-88.0
KP81G,43.5,-94.0
KG78M,43.0,-88.0
KK45G,37.5,-94.0
KI51M,38.5,-88.0
CAGUX,44.5952388889,-97.9797388889
BOWIS,47.7339,-103.161325
HASTE,42.6709527778,-85.1673611111
KK54K,39.0,-90.0
KI57O,39.5,-86.0
SPNSR,42.848375,-122.872811111
GALLO,42.9181027778,-122.164016667
MCRAY,39.5382472222,-77.860575
COLIN,38.0997861111,-76.664125
RECKN,34.5854416667,-103.590861111
OTTTO,38.8543916667,-78.2055583333
FAREV,37.2078972222,-85.1225444444
VALLO,40.626825,-77.4384638889
BIGEO,41.1663361111,-77.4291361111
WEVEL,41.2503222222,-78.4580777778
VIEEW,42.4394638889,-77.0259166667
STEVY,38.8198277778,-80.1192833333
LAYLA,38.5335638889,-103.621205556
PALEO,39.0279944444,-76.372725
CANNY,39.0610888889,-75.6779583333
RONZZ,38.5544666667,-80.1323972222
RAMAY,38.9607138889,-78.2163916667
WHETT,41.1601777778,-86.5841472222
FEEDS,37.2747694444,-80.5092444444
NEUBE,27.4866666667,-79.4155555556
SWOMP,27.1435305556,-79.8731111111
SANZZ,26.8065305556,-80.1082194444
CAYSL,26.4679027778,-80.1601888889
MIROY,40.3154777778,-78.3574166667
ZUUCS,41.3721444444,-77.6413138889
REBBL,41.882675,-76.9327944444
WUNDR,41.3323,-77.4262472222
RICED,40.6119694444,-72.6921833333
BRISS,41.7026,-73.0167083333
KEYED,41.0142916667,-72.6921777778
BABEE,41.5326138889,-77.1973861111
FEXXX,41.2109833333,-72.9166
SINDE,39.0048305556,-80.0892916667
MAGIO,41.5273833333,-76.5964944444
DUNEE,40.3234388889,-73.0405722222
SPAYD,38.1934888889,-82.3246361111
BLAMO,35.4145222222,-78.1452166667
LAYED,38.7636583333,-81.7976166667
VLADY,39.3921916667,-81.7372444444
CITUS,36.9502916667,-81.7651972222
WILUM,36.4377472222,-81.8099
NIKLS,39.5941111111,-82.3613111111
PEKON,29.6230222222,-92.9239916667
SPURS,30.4052916667,-98.3496027778
CAMAL,34.7039888889,-94.8215722222
LEPEW,40.8702555556,-81.1443305556
SPAWN,41.0641361111,-98.3251305556
AMOJO,35.3971833333,-85.3668277778
HESIG,35.1081888889,-87.0285138889
RRNET,34.8222055556,-94.8820361111
EYTEE,38.9792305556,-78.8591166667
COLTZ,40.4921722222,-82.3056638889
FORTT,40.8398,-77.4346916667
GAILS,41.8690305556,-70.4021361111
KRNEL,28.4148111111,-82.3967888889
PANZE,39.6759944444,-74.1681805556
CAMRN,40.0173027778,-73.8610583333
TYMAN,40.9089805556,-77.3854166667
PONYY,34.2603222222,-94.0260027778
GMONY,36.5528472222,-80.1119972222
WAMUR,36.1969055556,-80.4436444444
JUNNR,35.8929416667,-80.6519416667
CUJKE,41.1630638889,-70.5635666667
SHLEP,40.6848611111,-72.6030944444
LMEDA,28.4657611111,-96.9394694444
FORTS,37.5292833333,-76.5894666667
PLASH,40.0164638889,-84.397075
ZIEBR,37.6328444444,-82.7529888889
BOROS,41.1567916667,-72.1641555556
MULLS,34.2787805556,-79.0148444444
KADDY,35.7424055556,-114.383530556
SWANN,39.1514666667,-76.2288722222
BROSS,39.1912222222,-75.8805222222
JOLAR,33.675,-114.014166667
GAVNN,38.6147138889,-83.9253361111
NATTS,37.9464305556,-80.08135
VEENA,42.7048777778,-88.3038694444
FUBRR,39.2659305556,-76.0948861111
JAIKE,39.7874333333,-75.6070916667
OSSER,41.0370722222,-71.2034138889
BEULA,34.9346916667,-77.6945861111
FATHR,27.3071388889,-79.7753916667
SRPEN,41.09135,-81.6013666667
PSKUR,41.1544027778,-82.7157666667
RRONS,42.6836972222,-82.7494944444
JUDDI,38.7593555556,-86.4401722222
BITHO,28.6309416667,-81.0594083333
APOLO,28.8326,-80.4209027778
BUGGZ,28.9813888889,-81.8158333333
OAKLE,38.1205,-80.3624555556
RICCS,38.9207361111,-80.0838
WISKE,40.1291361111,-80.6760944444
TRESA,41.8804472222,-73.8185555556
JORDN,41.0547,-71.9146277778
MINNK,41.3612972222,-71.4242222222
WODDS,42.5744555556,-84.6565194444
FRSST,42.5789944444,-84.929325
GIBBE,42.5286583333,-77.0009416667
WOOLY,39.3386611111,-77.0364361111
JAYBO,38.8547694444,-76.0234305556
CHBLI,38.5639777778,-122.538763889
STOOL,42.1428,-68.7497722222
WEEVR,41.2226083333,-84.2177805556
FAILS,41.8378027778,-81.4203472222
LOXXE,42.574875,-75.7259694444
HERAK,40.9152833333,-82.0346472222
WAAHU,40.6345027778,-82.4194694444
JARSO,39.5917388889,-83.9116805556
GEFRC,41.7984166667,-81.481975
DOLFN,42.2132416667,-81.6534944444
GEMNI,41.7263888889,-82.7802777778
WOCKY,41.1733972222,-84.4565583333
MIZAR,41.8257694444,-84.0397666667
LLEEO,41.8424166667,-82.6230583333
OBRLN,41.1064972222,-82.7347888889
HUDDZ,41.3112722222,-82.5098194444
PEGEE,43.1422361111,-84.9124472222
BOJID,40.0557972222,-75.2045138889
IDIOM,44.505,-88.2991666667
NOLNN,41.234375,-84.6366694444
CLUNG,43.0547694444,-78.0037166667
DOGGS,42.3942638889,-81.0811944444
DERLO,43.0663888889,-81.0952777778
DOOGE,36.8108138889,-82.587325
NWETN,36.3254416667,-80.6976416667
AUDII,36.2021416667,-78.8100722222
SCAPE,39.9449333333,-77.5367583333
IPTAY,34.3490472222,-82.8397416667
LILLS,34.9354416667,-79.9302027778
ANDYS,34.37075,-81.1438361111
OCASE,38.3997361111,-84.1848111111
TRUDE,41.3338777778,-73.1968694444
BSHIP,33.6451638889,-81.7697805556
SINCA,33.0811888889,-83.6048666667
SLEPP,36.1727944444,-82.9256
TNSLY,35.0949388889,-82.0003166667
CUBIM,36.8770416667,-83.005825
CHOPZ,33.856725,-83.6883916667
BOBZY,35.1855666667,-81.6341361111
BRAYN,35.1729027778,-82.2118694444
DILNN,38.2722361111,-79.7311972222
BUCKL,34.5250361111,-80.8814277778
JOINT,33.8670944444,-79.3231805556
LULOU,37.3802722222,-86.6071361111
REWET,35.4135083333,-83.2465055556
WISTA,38.2834777778,-81.4629305556
ATWOO,40.4857277778,-81.2136833333
MINES,36.0324194444,-84.4724277778
CHEDA,37.3298916667,-83.643925
ENGRA,37.4839833333,-84.2505972222
LAJUG,36.6120888889,-87.3159277778
KENYA,37.3234777778,-81.5466222222
DANEI,40.2026777778,-83.6393166667
OLDEY,32.2622805556,-77.8538361111
NUCAR,28.1260277778,-77.633
TREAL,33.0697055556,-81.4410555556
CLASY,38.8030583333,-75.9211916667
ROCKA,38.0426638889,-80.3892166667
BURTT,38.4339694444,-79.8146527778
KILMR,38.7310361111,-78.3764222222
GIBBZ,38.9657972222,-77.7595916667
NOONN,36.0106583333,-85.0954666667
KLUBB,35.1203611111,-95.4667472222
DWINE,35.2080611111,-96.2162611111
DIMPL,35.2487027778,-96.6284638889
GULLI,36.01195,-97.1443416667
MPYRE,36.5278583333,-95.9187805556
BARMY,35.3748277778,-79.8427472222
OHICE,37.2021361111,-80.5742722222
ROMAN,37.8035194444,-78.7675666667
MALNR,35.4473527778,-79.4262611111
NEAVL,36.9788611111,-77.7582833333
RYANS,37.3879583333,-85.0169833333
KK54I,39.0,-92.0
CEMAN,35.2333333333,-82.7333333333
JOJJO,35.5547111111,-81.4697027778
BENBY,35.748525,-81.9213
SMIAM,35.9326361111,-80.83865
CORKY,30.8227777778,-86.5120611111
MMDUQ,27.2627638889,-81.9071333333
KILNS,35.5323527778,-79.8215027778
PPORT,43.0898861111,-70.9914111111
SHOEL,42.9908333333,-70.8778861111
RBELA,42.832775,-70.9549888889
JJIMY,42.4178027778,-71.1564055556
OWALT,35.749475,-80.8825583333
BURCH,36.1660777778,-80.8207361111
JEWLS,38.5328861111,-103.831858333
YOKES,40.5769333333,-104.237261111
JENUK,41.3987111111,-103.170397222
BRESH,38.3067555556,-104.128555556
JOTNU,34.3258638889,-115.529525
MOHAK,32.7758444444,-113.972097222
LOVEY,39.2135472222,-85.4086222222
ZABAL,39.5353444444,-85.9182277778
RIKLE,39.8305555556,-84.1216666667
AHTIY,39.9144027778,-80.3847861111
JODUB,38.7625083333,-82.89095
TAFTT,37.543075,-82.8399805556
WINNA,36.2001444444,-84.4414555556
ROCKT,39.6073666667,-82.8702138889
CADRE,39.7159055556,-81.4099805556
WHOLL,36.1804666667,-91.2938972222
CADIZ,41.167775,-87.3877138889
TRFWA,38.0172222222,-84.7905555556
MAGOO,40.024925,-90.7618333333
WSTEX,32.5452722222,-99.3314
CRUSR,35.3354138889,-98.8662194444
HOARY,30.5771888889,-97.7752805556
KF27C,34.5,-98.0
NELYN,32.2849611111,-97.1859111111
CHETA,31.9278638889,-97.2337305556
JUMBO,31.5362277778,-98.1801277778
ROOMY,31.4854361111,-99.3607777778
HULZE,33.6576638889,-100.221697222
FORCK,32.9965333333,-94.2698166667
HUDAD,33.6144555556,-99.4321166667
EAKER,34.3174222222,-96.6198666667
TIKYS,34.0666472222,-96.4259805556
BIRLE,34.2940111111,-95.4463888889
TORNN,31.5203861111,-96.5147111111
HEBOM,31.5431833333,-95.9979833333
ARMOR,31.6299083333,-94.7303138889
ADUKE,31.8824305556,-94.2164666667
LOOSE,33.8963555556,-93.0856611111
ZALEA,32.2126388889,-93.4764694444
WINDU,31.5305361111,-97.0825166667
DOSXX,32.3939361111,-99.9488611111
CIKAN,32.4833333333,-100.316666667
WUNIL,32.2470111111,-101.202786111
CLARE,32.760975,-96.3321361111
POTEN,32.6555277778,-95.6672055556
CADES,32.1939833333,-98.662125
LOPPY,35.700625,-88.8140527778
HRTUN,34.5486444444,-88.0634138889
BSKAT,34.0418722222,-93.5598388889
TURNN,31.6752472222,-93.6390666667
BRHMA,33.5213972222,-101.043169444
JACCC,33.7606527778,-83.6498777778
BILEE,31.1645138889,-96.3815611111
FSHER,38.3096888889,-104.647538889
LIFFT,31.9889916667,-104.400738889
LANDO,35.0124277778,-118.616372222
BLVNS,28.382275,-88.0341611111
TENAT,31.3904277778,-98.0867805556
BEANE,30.6051444444,-96.4207694444
MRSSH,32.5852972222,-94.7743972222
BDDAY,32.3155861111,-94.1717138889
PLANB,31.5997944444,-93.7309833333
OILLL,31.0030777778,-96.1992055556
ZEMMA,34.3838361111,-96.9900027778
BAYLI,39.7089611111,-91.0796166667
IPSEV,24.5,-92.5336111111
ABBOT,24.15175,-94.5693333333
WELTS,39.0063777778,-91.7728194444
LOXLY,30.7618388889,-87.7989194444
KWANG,34.3091138889,-119.51415
DOCTR,39.0098833333,-76.4140972222
BLUES,38.7958638889,-77.9075222222
PERKS,38.6613444444,-80.1748222222
DONIL,39.0765111111,-75.3052555556
DUTNA,24.5,-91.3347222222
GRACO,38.9416138889,-76.1997833333
CONLE,38.6917388889,-76.5837833333
FIXET,38.5929916667,-77.0712
DRIVE,36.9029555556,-76.5683944444
ARGAL,36.1712861111,-78.1653638889
PRICE,39.0906388889,-75.850325
SUDSY,35.7429555556,-80.4937944444
PMPKN,42.3091888889,-87.9338138889
NEATO,42.4718444444,-87.9531416667
DLLAN,42.6210805556,-87.9715277778
RONIC,42.7264388889,-87.9791722222
ERRTH,42.1894444444,-81.9358333333
PISTN,42.8923638889,-83.1364611111
HEMIS,43.1659416667,-83.0426472222
ADRIE,42.9582777778,-83.1138444444
DUNKS,42.4274111111,-84.1942444444
LAYNE,42.9133944444,-83.3667305556
BNNET,43.0766111111,-83.3667222222
LEATO,43.7213611111,-84.530375
CALVS,41.6840638889,-83.5690472222
RAKAM,44.0208472222,-76.4955972222
CABCI,44.8222055556,-71.7153166667
GUMMA,37.3625083333,-87.257075
LAGGS,44.297125,-74.2289416667
SCORR,41.6717666667,-83.3414972222
CHOOT,41.5257,-83.334775
SSUNN,41.9591583333,-82.5513444444
HIMEZ,41.8496972222,-82.2011111111
ZABER,40.9544333333,-82.4777611111
YOGGI,40.893025,-83.7003777778
GUNNE,40.3637638889,-83.2328666667
HARWL,42.2639527778,-84.1940833333
ANNTS,41.6835638889,-83.7906
ILLIE,41.2485305556,-84.1325944444
DEBAR,40.2544638889,-84.9797694444
MEEKR,39.4133611111,-85.1356222222
BOOKS,40.5045194444,-84.7946583333
LEROY,42.2383555556,-85.3417361111
YANKI,41.5275111111,-100.734722222
BACNN,40.1735055556,-94.2968416667
OCTAS,42.224975,-82.4489138889
TORRR,40.7416027778,-84.4163583333
CLANG,40.017725,-85.9036611111
SJAAY,40.9789027778,-85.1881027778
ZEGBI,42.2395055556,-85.0819833333
LESSY,42.4370166667,-84.550825
BEJAE,42.4488694444,-85.0756472222
MYPAL,42.8322222222,-79.3077722222
PETGE,42.2188305556,-72.7009944444
RUTER,32.2837333333,-106.898669444
PARKE,40.6831833333,-75.0764777778
BREZY,41.1582527778,-74.1349055556
BAYYS,41.2892416667,-72.9713138889
SEALL,41.3927055556,-72.8473777778
ZIMMZ,40.8030555556,-75.1236111111
MIKYG,40.6016666667,-75.8197222222
NESTO,40.1944583333,-79.7137472222
SOARS,41.5116861111,-73.2716027778
HAAYS,41.3200055556,-74.4671805556
NEWEL,40.9219444444,-75.1708333333
ELVAE,40.5463333333,-74.2763333333
WHITE,40.0067555556,-74.2512805556
NEION,41.2281138889,-74.5807722222
CORDS,41.5697333333,-75.1398611111
DARBO,41.8003222222,-75.9511055556
LANNA,40.5597416667,-75.027725
HERBA,42.2431361111,-78.2744
DANNR,40.6664222222,-76.2401888889
MAINE,40.8933472222,-81.6880027778
GAYEL,41.4066916667,-74.3571444444
DIXIE,40.0993666667,-74.1644916667
PREPI,39.8114055556,-73.2613055556
OWENZ,39.8233555556,-72.8305277778
LINND,39.4097583333,-71.7104861111
MERIT,41.38195,-73.1374305556
GREKI,41.4800083333,-73.3141611111
JUDDS,41.6346722222,-73.1082444444
WESSN,33.9736305556,-84.5963083333
STOMP,41.5963277778,-74.7966083333
BETTE,40.5592388889,-73.0117222222
RUIZE,41.4793416667,-72.2094277778
FLUTE,39.7001527778,-72.1876666667
SCUPP,42.6030583333,-70.230375
BENEE,42.5149944444,-78.3247444444
WAAKE,42.342125,-78.6809027778
ELIOT,40.8185138889,-75.1301194444
BURST,42.5223333333,-77.8453583333
GRACE,40.85685,-79.8005888889
MILIE,31.3286222222,-81.1737194444
CAPKO,38.7057,-76.74515
GILTE,44.6748527778,-100.220191667
DABJU,43.1984361111,-86.2732722222
LOPVO,42.9169444444,-80.4005555556
PSYKO,40.1436111111,-79.1536111111
KOZAR,40.5950472222,-80.5847361111
KOOPR,42.7153416667,-78.9663416667
TRAAD,42.257225,-77.5207861111
DGRAF,41.6862555556,-76.2225416667
WAVEY,40.2345833333,-73.3943777778
DELRO,39.965475,-76.6253444444
SVILL,37.7864194444,-77.0324694444
PLUME,40.1185194444,-73.2855638889
ZIBUT,36.9384083333,-72.6661694444
HIDON,40.1666666667,-81.6241666667
FINNE,31.8652805556,-82.6762027778
BOWFN,28.9891666667,-91.2280555556
HOODO,28.9968083333,-94.3525277778
COVEY,37.6161194444,-80.0753722222
KELIE,42.6603666667,-77.7447361111
MARTN,42.5810472222,-73.2704777778
QUINZ,42.7732,-73.0501444444
GGULL,46.5338888889,-94.1311111111
HOKKY,46.1530555556,-92.1894444444
YARRK,42.5227194444,-81.2682805556
PLANO,41.6125194444,-88.6147555556
TRESL,42.5419388889,-83.5936888889
FIYER,42.3977694444,-87.3211694444
BILJE,42.0969722222,-70.9313833333
SAACO,43.2492972222,-70.2243527778
JAMIE,37.6057166667,-75.9635583333
EBDOT,45.0903409167,-73.5670146111
HOZIR,43.1009972222,-79.0347972222
DOLEY,32.1891666667,-96.3847222222
STRYA,31.3058694444,-93.8437305556
SCABI,33.6203333333,-99.450425
FUSCO,31.1769277778,-101.329166667
LOWGO,31.4340194444,-102.022172222
JBULL,31.3152694444,-91.3145305556
SBIRD,29.0,-93.6666666667
HAWES,32.9620083333,-92.8412111111
SUTTN,33.5057805556,-92.364775
WTSON,32.1869416667,-96.2109194444
DPATY,32.0724027778,-91.5480277778
TPAKK,32.993875,-93.4245333333
ORRTH,32.557775,-92.7388222222
CALCO,34.3452527778,-86.0193666667
FOUNT,36.9567611111,-84.0505333333
CRGER,30.4492,-98.34285
CRIED,31.3539666667,-95.6614138889
TXSAS,31.4518416667,-104.438988889
STYCK,31.1240138889,-95.9679583333
INDIE,31.4859194444,-94.4928194444
BOXKR,27.5859916667,-83.2987888889
REDFN,28.8829694444,-88.7017805556
HOBRK,34.4991861111,-90.7814
KURTZ,38.9721916667,-86.09265
ALIBY,31.9212833333,-107.778919444
RGOOD,35.9088916667,-119.844658333
CIGAR,27.4935027778,-84.7831972222
DECAS,33.8235916667,-115.456611111
DARBY,37.6543305556,-84.9534361111
SERFR,36.0683055556,-121.364663889
DONNR,37.7233194444,-117.9621
SHIPP,40.3294333333,-73.2472722222
BETHA,41.1857694444,-72.8116611111
YAARK,39.5970972222,-78.7980222222
MURPH,39.4642277778,-76.3853444444
REAVS,36.7030527778,-80.736675
DAILY,38.5605083333,-76.7252916667
MNURE,29.9930222222,-96.5660666667
LURIC,31.7817555556,-93.9349583333
SASUT,44.6663888889,-81.2963888889
MBELL,37.4736111111,-85.7958333333
BDOCK,39.935,-84.2336666667
MAREO,39.8827972222,-85.24825
MILAN,39.3561055556,-85.3168416667
JKUKA,38.5882777778,-85.6372
SARGO,38.6689055556,-85.46325
GOTHC,42.0952666667,-90.9563111111
AVERE,40.3310416667,-80.0573222222
QBALL,38.1287083333,-90.0690222222
BYRDD,40.0922027778,-75.8186916667
SAAME,40.0310611111,-76.4839972222
WOONS,41.950575,-71.5070388889
COPES,40.1307138889,-75.3767694444
KATVE,40.3972,-75.6993861111
WACKY,41.3404222222,-71.8562
MAZIE,40.3220972222,-75.1098
ATWEL,38.9883277778,-75.4723
BRNAN,40.1352777778,-77.8351944444
FLOAT,40.4299555556,-75.8844083333
ARICE,37.6887916667,-75.742325
WOLLF,38.4512361111,-107.595675
OURAY,38.2360611111,-106.593191667
TYSSN,35.8555555556,-114.436388889
HAAGN,39.9614972222,-76.0762
ETAME,39.9844444444,-86.9
EMEGE,39.7130555556,-86.6777777778
FREON,36.5447305556,-80.2782194444
TWAIN,39.672375,-91.4430916667
EXCEL,39.3947722222,-94.0972444444
SAAGS,39.4678388889,-93.2863638889
TONCE,40.282225,-94.6231833333
BODYN,40.3419638889,-92.1350111111
FILPZ,35.5754333333,-82.06115
JERRI,41.3837694444,-82.6033888889
COODY,36.6672,-95.5001972222
JAAVE,39.840525,-88.2547222222
HIPPI,34.5622888889,-113.639369444
SOPIE,36.1437444444,-88.5633194444
PLAIN,41.7777527778,-85.206675
BRDGE,27.4525833333,-82.1343722222
VINTA,36.6631944444,-95.2268861111
CAMDT,28.4183333333,-82.3802777778
CAMJO,30.5088888889,-82.6863888889
ATLAS,28.2492027778,-80.4234916667
LENDS,29.3659416667,-78.6700972222
ETECK,29.4856666667,-78.487275
JOANI,40.3040805556,-74.1083722222
METTA,32.4421055556,-78.4188972222
KLMAN,27.9446472222,-81.4887277778
NKKIE,36.36425,-78.0242722222
EMCEE,30.7927305556,-78.4591722222
LACKS,40.0001472222,-68.1993777778
FERNZ,41.8431666667,-69.7814194444
RUKRR,36.5501305556,-77.4895638889
TANJA,36.5024416667,-77.6212638889
METRO,40.4227138889,-74.6695277778
BESSI,39.6763444444,-75.1123694444
HOFFI,40.8009611111,-72.4616583333
MAYKR,36.4657555556,-77.842875
TRSSK,37.2273361111,-77.8311805556
JEPEG,29.4566416667,-92.4578055556
GHATS,36.801875,-84.5673444444
PLESS,37.8095777778,-88.9631888889
CADIT,34.2836305556,-84.5942305556
VLUST,36.2535305556,-94.1074055556
FLOOD,38.3400027778,-105.093994444
VISQA,36.2904138889,-89.0350861111
ACITO,41.3986111111,-88.1833333333
ADELL,41.2497222222,-88.25
ARLYN,40.3166666667,-88.6666666667
BACEN,41.4066666667,-88.0297222222
BLOKR,41.2497222222,-88.0833333333
BEKKI,40.3166666667,-88.3483333333
ELYNA,40.4476611111,-93.3179305556
PIGGG,41.7515722222,-89.1614361111
QUANE,41.5367416667,-89.7411083333
CARET,40.7833333333,-91.5166666667
ROEZZ,40.3747,-92.7167444444
OBENE,41.8501138889,-89.7201583333
MELRR,43.0889027778,-84.9383138889
HERLS,39.4709055556,-106.727422222
OTENS,41.6665555556,-84.7833333333
ANEWA,41.5956805556,-83.6111916667
SEWTO,41.7477833333,-85.5113027778
ADIME,41.95635,-86.2143083333
DONVE,39.9863888889,-87.6258333333
BERYS,42.9094361111,-83.2999305556
PARQR,35.7714722222,-81.3622777778
JUDGE,39.0197805556,-96.9188388889
IANNA,42.507075,-93.0818861111
OPPEE,41.4591861111,-106.245025
JAKKS,40.1642361111,-86.8751222222
LENDY,40.9148361111,-74.1352583333
NIGHT,41.8383333333,-91.7736111111
NITWT,41.7347222222,-93.4141666667
SMIDD,42.7508361111,-92.621125
DREAR,43.1381083333,-89.0499166667
OOPEE,43.4972222222,-93.2922222222
DABOY,41.888625,-94.4595194444
RIEKE,41.5235944444,-82.4678027778
GRADY,32.6677583333,-82.0429277778
FARVA,44.2598638889,-98.0063333333
WETVI,43.957425,-104.388383333
UROCO,42.8645,-110.840305556
TRAPR,28.6623138889,-82.11655
GOVIT,49.5446638889,-95.8156055556
SELPH,35.735975,-89.8113361111
IBUFY,34.0910972222,-90.1444
JTEEE,35.7477861111,-90.0460527778
KERMI,34.7314972222,-88.1546722222
HUMMS,36.3559444444,-88.9843388889
TINGS,37.3030194444,-88.2561944444
GOETZ,35.2340833333,-89.1511611111
ANSWA,34.7409666667,-91.7757944444
LAURN,40.5516111111,-74.1204638889
FOXOM,35.1849444444,-91.0105222222
KIMEL,36.1278083333,-90.0860833333
AZONE,35.0243611111,-89.1310055556
DARRL,34.797075,-81.0560055556
CRELL,36.8813055556,-89.5408083333
HILGR,47.3597,-109.151791667
STRUM,42.9308833333,-72.2802444444
SAMPL,41.9791666667,-87.4625
GREAS,42.9410666667,-88.5451277778
JAYEX,42.9833333333,-90.2333333333
HAWKN,43.3000416667,-88.2731777778
DELHI,41.9333333333,-87.7861111111
ACCRA,41.9333333333,-88.0194444444
SQUIB,42.9195638889,-87.0656027778
CYNDI,43.6372611111,-87.8183277778
GONER,40.9656611111,-84.2008333333
WORDY,40.6756916667,-87.633375
TIGRR,39.4900583333,-84.0529944444
DUEYS,41.1526277778,-73.7968111111
ROBBY,44.0757805556,-89.9604472222
KBULL,44.3476527778,-90.426925
GARTT,42.7984694444,-89.2007611111
WABAL,43.0212305556,-86.6194138889
PAITN,42.5610305556,-86.7226055556
WYNET,41.4311583333,-89.5666083333
TRIDE,41.4665083333,-89.1993527778
HENDR,44.6188,-91.3513583333
SIBER,43.1346805556,-90.3926777778
SCHEP,44.2472861111,-94.4787916667
BRIBE,42.7983333333,-89.9403611111
CONUK,46.1537277778,-107.059308333
ORSKY,43.6697583333,-94.2230333333
ONTIJ,43.2976333333,-94.5129055556
RANTS,37.2280972222,-87.8836638889
BURKK,40.9691111111,-91.2309138889
OHHMY,42.8813888889,-91.7583333333
ZZIPR,43.1858333333,-91.6591666667
WLSTN,45.4740111111,-91.0153527778
PEPLA,43.7975,-80.0172222222
ZONNA,32.2092722222,-109.848688889
YZEMN,43.5766305556,-84.5697083333
WOLDE,29.5334305556,-94.3446277778
BBACH,29.7138277778,-95.6870694444
KCEEE,29.2429944444,-92.4670722222
SIMMR,27.7839166667,-84.2043888889
ORRCA,38.4436583333,-121.551622222
GALLI,40.3195388889,-118.121622222
SYRAH,37.99105,-121.103088889
JSICA,38.5205166667,-117.286816667
MOGEE,38.3361111111,-121.389722222
TIPRE,38.2058333333,-121.035833333
INSLO,38.6791388889,-117.298111111
PEONS,38.5035694444,-119.167483333
WAGES,36.9910333333,-121.737061111
BOILE,34.4224388889,-118.025852778
MOBLE,41.9455555556,-87.0633333333
OLINN,41.9132888889,-88.8084444444
OREOS,41.9002111111,-89.2092861111
EBAKE,42.2793611111,-87.0633333333
WISMO,42.3156277778,-86.0952833333
POSTS,42.3,-85.0333333333
PADDE,42.2858333333,-84.4744444444
DUFEE,42.1124722222,-87.0633333333
HAAKK,42.1333333333,-85.0333333333
DOXXY,42.1225,-84.4736111111
SOSIC,42.2297527778,-83.4908277778
NOONY,42.0465861111,-88.8084444444
COHOW,42.1566361111,-80.6941416667
BRONZ,42.3336555556,-85.6596277778
MUSKY,42.1532861111,-86.937125
SCHOL,37.1831944444,-75.7155527778
WAIKS,37.0504777778,-77.0688
KELLE,37.179525,-77.8052
SPENO,42.2801527778,-72.1540833333
EDDYS,36.4404416667,-76.4501083333
FINKS,38.50745,-78.998625
BRADE,35.6496027778,-78.2332194444
CHLSE,40.6767,-76.2499416667
HELON,41.6674222222,-74.2804222222
DITCH,39.79385,-74.7166333333
DEEPO,41.1149888889,-70.8360694444
HNNAH,40.4702027778,-74.0435055556
SARAA,40.439325,-75.8878611111
STOEN,39.8382055556,-75.7985888889
BELAY,39.5876861111,-76.3005555556
WONCE,39.2167722222,-76.8906805556
FLUKY,38.5064444444,-77.7292222222
FLIRT,39.9287527778,-76.7042527778
TEBEE,39.5038805556,-75.3269972222
HAYDO,39.2065027778,-75.3806111111
REEFI,39.7943833333,-76.1806472222
JIMEE,39.8169805556,-74.1538055556
ONDEC,42.5466194444,-72.0657527778
SUMET,39.3002,-81.5102638889
FLAPE,41.0656388889,-71.0695972222
WINKK,39.8165583333,-74.0129222222
MUCOW,42.4830416667,-72.9522861111
JNIPR,34.04735,-109.322847222
JSSUA,34.3842833333,-108.012061111
LAVAN,34.8460861111,-107.284847222
KATMN,32.6445222222,-110.679155556
TMACK,33.3191138889,-108.045769444
YOOPR,35.6568666667,-110.4352
JUDTH,32.8165027778,-113.688394444
SISIE,34.9847666667,-113.338102778
YOTES,34.6248055556,-111.119258333
JARPA,35.7062388889,-109.788886111
MAXXO,34.3939777778,-106.696605556
PHASE,32.3613111111,-109.157888889
GWIRE,32.7586833333,-115.906344444
JKPOT,34.6942055556,-113.010241667
MESSI,33.7998277778,-113.803158333
OLIIN,32.0626916667,-110.189738889
SPRTN,42.7086055556,-84.0038416667
CLARR,35.6756805556,-115.679752778
FRACA,38.1799472222,-96.8051638889
MOXEE,44.149525,-122.753172222
CARTL,34.7647166667,-112.010080556
MOMAR,33.5150361111,-115.944483333
TROXX,36.0080805556,-120.961222222
NURAY,36.5957638889,-119.701466667
BURGS,39.6985166667,-80.5863861111
DILNE,40.4679444444,-80.8756916667
WOMBT,41.0792027778,-79.7801
PIGGZ,41.5043916667,-78.4633027778
COBBE,38.3588694444,-80.530025
MAJIC,35.8119138889,-80.4361083333
BREMN,39.7004805556,-82.4043666667
VINNY,39.7546222222,-76.6083777778
MAYZE,41.4385222222,-83.6640722222
WOLIS,42.6271972222,-81.5791361111
JODOX,33.6666666667,-92.1666666667
VILCU,42.3724194444,-76.6339666667
MIGET,41.2945638889,-78.8643027778
LIZIO,39.4988722222,-79.1321138889
MAARS,42.0883333333,-82.4862388889
SPHRE,42.0266666667,-82.0691666667
CLNTN,39.5339416667,-81.2420361111
MOONN,42.3693444444,-82.4519833333
BEWEL,42.2898583333,-80.7619277778
BROKK,42.3313888889,-81.5819388889
JUMPR,41.1709277778,-71.2470833333
RIFLE,40.69005,-72.5819138889
BAUER,43.3872444444,-72.4807277778
ALIEH,43.723025,-70.8063555556
HSKEL,43.6535611111,-71.0477388889
NUBLE,43.1662111111,-70.7165194444
SHPRD,35.6543222222,-80.4767666667
TBART,38.2462027778,-79.2585555556
FEDOX,35.9754166667,-79.6054611111
SDAIL,35.9591,-79.8138833333
WLLSH,35.9235861111,-80.2318277778
CHSLY,35.8322694444,-80.4192861111
SEALZ,38.4232111111,-79.2906
BEXGO,36.5000277778,-78.2021416667
IGGGY,39.2882444444,-78.3698055556
WALLO,34.8764555556,-77.9624694444
LUKKY,36.1308861111,-91.5389
DRAIK,37.1339305556,-78.9829333333
ROOKY,37.7400722222,-77.7048611111
SANNY,37.0007194444,-79.5558527778
DUFFI,36.3494083333,-77.79145
MAZON,36.7564555556,-77.367475
BOYER,40.2769,-76.0859388889
MACUS,39.8833333333,-118.8
AIRCO,43.2101833333,-78.4825
SOMER,29.1624305556,-98.639575
HENLY,30.1080666667,-98.3934083333
LEJON,30.1128638889,-99.1219666667
CHEVE,31.2296111111,-96.8849777778
ILEXY,30.3527777778,-97.0792944444
HEDVI,33.5397222222,-114.470555556
JYBEE,42.4045916667,-86.594175
LIDAT,37.4301861111,-117.278055556
ESCON,33.1593111111,-117.086519444
ENCEE,44.5867194444,-95.4333027778
BARET,32.7741083333,-116.677463889
KRENA,42.3748805556,-88.4994555556
DARTS,34.1560472222,-118.269594444
MOONY,37.1385555556,-121.572108333
RALEY,38.5721388889,-118.234341667
DUDES,38.7180888889,-120.207597222
FROGO,38.230675,-120.681816667
NEENS,40.2481944444,-90.5316111111
DENNI,37.6230111111,-88.7010833333
HILTS,38.1292833333,-88.3252194444
MYERZ,37.1983833333,-90.6641527778
JIGSY,38.842225,-89.119725
DOBLR,38.8421972222,-89.1197
WELUM,35.3822222222,-114.933055556
JOGER,39.7207777778,-83.4068166667
TEDDD,38.5366222222,-89.5750861111
JHART,38.7924444444,-89.5108666667
BUNTS,40.082225,-75.7485972222
PAATS,39.3880583333,-75.5631833333
STUBY,41.9020944444,-73.4372333333
WHATE,42.4361194444,-72.7616555556
WARIC,42.6283333333,-72.5104777778
BOBSS,40.2949388889,-76.7502027778
GLOOM,39.9904944444,-82.8962361111
LOVES,41.5387888889,-73.4880944444
MOONI,41.6314666667,-73.3220638889
FAGED,37.8521361111,-76.6821972222
STEIN,37.5866388889,-76.3201222222
COOES,42.7585166667,-75.0982972222
PUPPY,43.05735,-75.29425
TROXL,40.5552833333,-75.3079888889
CEROL,38.3164222222,-78.7941027778
LINNG,43.3027777778,-79.3547777778
DINES,43.3119277778,-77.1245083333
AXSIS,30.9457416667,-88.0757444444
TRACE,42.1218472222,-81.0408222222
FAWNS,44.9934555556,-74.0903277778
BMPAH,43.1888888889,-78.3239194444
AEVON,42.9131722222,-77.863925
GNTRY,42.5097222222,-81.7896666667
DDUBS,41.4825055556,-77.7562944444
IZZEE,40.9415111111,-77.5290861111
AIRRA,41.1045777778,-80.0635361111
HEDEE,39.6375805556,-83.8056166667
SHIRT,39.6329777778,-83.57115
DANOL,45.6983944444,-67.7877777778
AGNOB,44.2009166667,-77.502
ANTOV,45.3763888889,-71.0375
DUVOK,44.9270361111,-65.2865722222
REEDO,44.7033333333,-75.9816666667
KAVSU,44.9786666667,-74.9328333333
HABBS,45.2052777778,-74.4172222222
COMAU,45.3766666667,-74.0166666667
GASSY,43.4147944444,-73.9641222222
DELGI,48.0358333333,-88.7768333333
SHUKA,48.8253722222,-122.133116667
TOPPS,45.3401805556,-67.7386416667
DISCO,48.4002888889,-123.178288889
LORKA,44.7690833333,-76.2166388889
MIILS,46.8783333333,-67.0358333333
