ident,type,latitude_deg,longitude_deg,elevation_ft
ABB,VORTAC,38.58879852,-85.63600159,710
ABI,VORTAC,32.48130035,-99.8635025,1810
ABQ,VORTAC,35.04380035,-106.8160019,5743
ABR,VOR-DME,45.41740036,-98.36869812,1301
ACH,VORTAC,35.11169815,-105.0400009,5450
ACK,VOR-DME,41.28179932,-70.02670288,100
ACO,VOR-DME,41.10789871,-81.20149994,1200
ACT,VORTAC,31.66230011,-97.26899719,510
ACV,VOR-DME,40.98139954,-124.1080017,193
ACY,VORTAC,39.45589828,-74.57630157,70
ADH,VOR-DME,34.80260086,-96.67009735,987
ADK,NDB-DME,51.87189865,-176.6759949,332
ADM,VORTAC,34.21160126,-97.16829681,925
ADW,VORTAC,38.80720139,-76.86620331,260
AEL,VOR-DME,43.68180084,-93.3707962,1265
AEX,VORTAC,31.25670052,-92.50099945,80
AFE,NDB-DME,56.96390152,-133.9120026,170
AGC,VOR-DME,40.27870178,-80.04090118,1290
AHC,VOR-DME,40.26789856,-120.1520004,4028
AHN,VORTAC,33.94760132,-83.32479858,790
AHT,NDB-DME,51.37969971,-179.2579956,221
AIA,VOR-DME,42.05559921,-102.8040009,3925
AIR,VOR-DME,40.01699829,-80.81729889,1290
AIX,NDB-DME,60.38499832,-166.2149963,33
AKN,VORTAC,58.72470093,-156.7519989,89
AKO,VOR-DME,40.1556015,-103.1800003,4620
AKW,NDB-DME,55.5685997,-133.0789948,30
ALB,VORTAC,42.74720001,-73.80319977,275
ALD,VOR,33.01250076,-81.29219818,190
ALI,VOR,27.7397995,-98.02130127,170
ALO,VORTAC,42.55649948,-92.39890289,865
ALS,VORTAC,37.3492012,-105.8160019,7535
ALW,VOR-DME,46.0870018,-118.2929993,1150
AMF,NDB-DME,67.10679626,-157.8580017,282
AMG,VORTAC,31.53650093,-82.50810242,200
AML,VORTAC,38.93460083,-77.46669769,297
ANC,VOR-DME,61.1507988,-150.2070007,287
ANN,VOR-DME,55.0603981,-131.5780029,174
ANV,NDB-DME,62.64139938,-160.1900024,358
ANW,VOR-DME,42.56909943,-99.98970032,2582
ANX,VORTAC,39.09540176,-94.12879944,878
ANY,VORTAC,37.15890121,-98.17070007,1390
AOH,VOR,40.70709991,-83.96820068,980
AOO,VOR,40.32540131,-78.30370331,1630
APE,VORTAC,40.15110016,-82.58830261,1350
APN,VORTAC,45.08280182,-83.55699921,680
ARD,VOR-DME,40.25329971,-74.9076004,300
ARG,VORTAC,36.11000061,-90.9536972,260
ARH,TACAN,31.5855999,-110.3389969,4659
ART,VORTAC,43.95199966,-76.06459808,370
ASP,VOR-DME,44.44910049,-83.39430237,627
AST,VOR-DME,46.1617012,-123.8799973,10
ASX,VOR-DME,46.54940033,-90.91719818,820
ATL,VORTAC,33.6291008,-84.43509674,1000
ATR,VOR-DME,38.80979919,-75.21130371,5
ATY,VORTAC,44.97969818,-97.14170074,1750
AUG,VOR-DME,44.31999969,-69.79660034,349
AUW,VORTAC,44.84680176,-89.58660126,1210
AVE,VORTAC,35.64699936,-119.9789963,710
AXC,VORTAC,39.7375214,-88.8564314,708
AXN,VOR-DME,45.95840073,-95.23259735,1380
AYS,VORTAC,31.26939964,-82.55639648,150
AZO,VOR-DME,42.23699951,-85.55319977,870
AZQ,VOR-DME,37.3913002,-83.26300049,1247
BAB,TACAN,39.13479996,-121.4410019,165
BAD,TACAN,32.50329971,-93.6678009,163
BAE,VORTAC,43.1169014,-88.28430176,1080
BAF,VORTAC,42.16199875,-72.71620178,270
BAL,VORTAC,39.17110062,-76.66130066,140
BAM,VORTAC,40.56919861,-116.9219971,4536
BAX,VOR-DME,43.78279877,-82.9838028,755
BCE,VORTAC,37.68920135,-112.3040009,9040
BDE,VOR-DME,48.72280121,-94.6072998,1081
BDF,VORTAC,41.15969849,-89.58789825,810
BDL,VORTAC,41.94100189,-72.68859863,160
BDR,VOR-DME,41.16070175,-73.12449646,9
BET,VORTAC,60.78480148,-161.8240051,92
BFD,VOR-DME,41.78639984,-78.61940002,2100
BFF,VORTAC,41.89419937,-103.4820023,4170
BFM,VORTAC,30.61269951,-88.05549622,10
BFV,VORTAC,35.23690033,-99.20619965,1780
BGD,VORTAC,35.80709839,-101.3820038,3130
BGQ,VORTAC,61.56949997,-149.9669952,160
BGR,VORTAC,44.84180069,-68.87400055,359
BGS,VORTAC,32.38560104,-101.4840012,2670
BIB,VORTAC,38.92029953,-88.48179626,540
BIE,VOR,40.30139923,-96.75460052,1300
BIG,VORTAC,64.00440216,-145.7169952,1230
BIH,VOR-DME,37.3769989,-118.3669968,4110
BIL,VORTAC,45.80860138,-108.625,3808
BIS,VOR-DME,46.76179886,-100.6650009,1841
BIX,TACAN,30.40710068,-88.92970276,10
BJB,VOR,43.42200089,-88.12519836,871
BJC,VOR-DME,39.9129982,-105.1389999,5734
BJI,VORTAC,47.57590103,-95.02480316,1410
BKA,VORTAC,56.8594017,-135.5509949,240
BKE,VOR-DME,44.84059906,-117.8079987,3360
BKF,TACAN,39.70740128,-104.7519989,5580
BKW,VORTAC,37.78030014,-81.12349701,2500
BKX,VOR-DME,44.30319977,-96.81510162,1641
BLD,VORTAC,35.99580002,-114.8639984,3650
BLF,VORTAC,37.3064003,-81.19429779,2900
BLH,VORTAC,33.59609985,-114.7610016,410
BMI,VOR-DME,40.48080063,-88.93119812,880
BML,VOR-DME,44.63339996,-71.18609619,1730
BNA,VORTAC,36.13700104,-86.68479919,566
BOI,VORTAC,43.55279922,-116.1920013,2876
BOS,VORTAC,42.35739899,-70.98950195,20
BOY,VOR-DME,43.46319962,-108.3000031,7550
BPI,VOR-DME,42.57939911,-110.1090012,6949
BPT,VOR-DME,29.94610023,-94.0161972,10
BQM,VOR-DME,38.23020172,-85.66470337,540
BQS,VOR-DME,39.63059998,-93.87529755,930
BQU,VOR-DME,40.75970078,-115.7610016,6464
BQZ,VOR-DME,40.46369934,-106.8720016,8250
BRD,VORTAC,46.34830093,-94.02600098,1250
BRK,VORTAC,38.94449997,-104.6330032,6934
BRL,VORTAC,40.72340012,-90.92590332,730
BRO,VORTAC,25.92410088,-97.37529755,10
BRV,VORTAC,38.3362999,-77.35289764,145
BRW,VOR-DME,71.27339935,-156.7879944,40
BSR,VORTAC,36.18130112,-121.6419983,4085
BSV,VOR-DME,40.74069977,-81.43209839,1230
BTG,VORTAC,45.74779892,-122.5920029,253
BTL,VORTAC,42.30979919,-85.25229645,930
BTR,VORTAC,30.48509979,-91.2940979,20
BTT,VOR-DME,66.90499878,-151.5359955,634
BTV,VORTAC,44.39709854,-73.18260193,420
BTY,VORTAC,36.80059814,-116.7480011,2925
BUA,VOR-DME,45.55220032,-103.4560013,3020
BUD,VOR,40.61660004,-83.063797,991
BUF,VOR-DME,42.92900085,-78.64630127,730
BUM,VORTAC,38.27209854,-94.48819733,890
BUU,VOR-DME,42.68930054,-88.30180359,780
BVK,NDB-DME,65.97979736,-161.1490021,26
BVL,VORTAC,40.72610092,-113.7570038,4220
BVO,VOR-DME,36.83420181,-96.01830292,940
BVR,VOR-DME,39.76580048,-103.9280014,5252
BVT,VORTAC,40.55609894,-87.06929779,750
BWD,VOR-DME,31.89259911,-98.95749664,1571
BWG,VORTAC,36.92869949,-86.44339752,565
BWS,VOR-DME,32.82130051,-106.0130005,4100
BWZ,VOR-DME,40.79840088,-74.82180023,1048
BXK,VORTAC,33.45349884,-112.8249969,1060
BXZ,VOR-DME,44.24269867,-84.1835022,805
BYI,VOR-DME,42.5802002,-113.8659973,4230
BYP,VORTAC,33.53749847,-96.23410034,700
BZA,VORTAC,32.76810074,-114.6029968,130
BZM,VOR-DME,35.8689003,-81.2405014,1880
BZN,VOR-DME,45.78390121,-111.1549988,4430
CAE,VORTAC,33.8572998,-81.05390167,400
CAM,VOR-DME,42.99430084,-73.34400177,1490
CBM,VORTAC,33.64149857,-88.43849945,220
CBU,TACAN,45.58860016,-122.6110001,22
CCC,VOR-DME,40.92959976,-72.79889679,86
CCR,VOR-DME,38.04489899,-122.0449982,5
CCT,VORTAC,37.38240051,-87.26370239,450
CCV,VORTAC,37.34749985,-75.99770355,10
CDB,VORTAC,55.26739883,-162.7740021,97
CDC,VOR-DME,37.78730011,-113.0680008,5464
CDR,VOR-DME,42.55879974,-103.3119965,4630
CDS,VORTAC,34.36909866,-100.2890015,1920
CEC,VORTAC,41.77959824,-124.2409973,50
CEF,VORTAC,42.19749832,-72.52629852,241
CEW,VORTAC,30.82620049,-86.67910004,255
CEZ,VOR-DME,37.38980103,-108.5619965,6223
CFB,VORTAC,42.15750122,-76.1364975,1570
CGG,VOR,44.68159866,-84.72889709,1153
CGI,VOR-DME,37.22750092,-89.57240295,340
CGT,VORTAC,41.50999832,-87.57150269,630
CHE,VOR-DME,40.52009964,-107.3050003,7230
CHS,VORTAC,32.89429855,-80.03780365,39
CIC,VOR-DME,39.78979874,-121.8470001,220
CID,VOR-DME,41.88750076,-91.78569794,870
CIE,VORTAC,32.03340149,-109.7580032,4230
CIM,VORTAC,36.49140167,-104.8720016,6550
CIP,VOR-DME,41.14630127,-79.45800018,1530
CKB,VOR-DME,39.25320053,-80.26789856,1430
CKH,VORTAC,21.26519966,-157.7030029,640
CKV,VOR-DME,36.62200165,-87.41259766,540
CKW,VOR-DME,41.75569916,-107.5820007,7050
CKZ,VOR-DME,40.39089966,-75.2888031,552
CLL,VORTAC,30.60499954,-96.42070007,370
CLT,VOR-DME,35.19029999,-80.9516983,732
CMA,VOR-DME,34.21250153,-119.0940018,62
CME,VORTAC,33.33750153,-104.6210022,3772
CMI,VORTAC,40.03450012,-88.27610016,750
CMK,VOR-DME,41.28010178,-73.58139801,690
CMX,VOR-DME,47.17029953,-88.48539734,1072
CNG,VORTAC,37.00859833,-88.8368988,480
CNM,VORTAC,32.25659943,-104.2259979,3250
CNU,VOR-DME,37.62609863,-95.59349823,1080
CNX,VORTAC,34.36700058,-105.6780014,6411
COD,VOR-DME,44.62039948,-108.9649963,4794
COE,VOR-DME,47.77370071,-116.8209991,2290
COF,TACAN,28.23769951,-80.61180115,10
COL,VOR-DME,40.31169891,-74.15979767,120
CON,VORTAC,43.21979904,-71.57550049,710
COT,VORTAC,28.46199989,-99.11849976,520
COU,VOR-DME,38.81079865,-92.21829987,883
CPN,VOR-DME,46.0320015,-112.7480011,5780
CQY,VORTAC,32.18569946,-96.2181015,400
CRE,VORTAC,33.81380081,-78.72450256,20
CRG,VORTAC,30.33889961,-81.50990295,40
CRI,VOR-DME,40.61249924,-73.89440155,10
CRL,VORTAC,42.04809952,-83.45760345,630
CRP,VORTAC,27.90379906,-97.44490051,60
CSG,VORTAC,32.61529922,-85.01760101,630
CSI,VORTAC,29.92230034,-99.21450043,2080
CSN,VORTAC,38.64120102,-77.8655014,445
CSX,VOR-DME,38.75270081,-90.36090088,530
CTB,VORTAC,48.56489944,-112.3430023,3780
CTF,VOR-DME,34.65050125,-80.27490234,560
CTR,VOR-DME,42.29130173,-72.94940186,1600
CTW,VOR-DME,40.22919846,-81.47650146,1180
CTY,VORTAC,29.59900093,-83.04869843,30
CUS,VOR-DME,31.81909943,-107.5739975,4008
CUZ,VOR-DME,41.48400116,-99.68910217,2850
CVA,VORTAC,41.70849991,-90.48329926,760
CVE,VOR-DME,32.89030075,-96.90399933,450
CVG,VORTAC,39.01599884,-84.70330048,879
CVI,VORTAC,36.3728981,-76.87159729,70
CVO,VOR-DME,44.49959946,-123.2939987,250
CVS,TACAN,34.38059998,-103.3219986,4280
CVV,VOR-DME,48.24470139,-122.723999,200
CWK,VORTAC,30.37849998,-97.52980042,593
CXR,VOR-DME,41.51689911,-81.16320038,1310
CYN,VORTAC,39.81729889,-74.43160248,210
CYS,VORTAC,41.21099854,-104.7730026,6210
CYY,VOR-DME,26.15340042,-81.77809906,9
CZF,DME,61.78030014,-166.0390015,457
CZI,VOR-DME,43.99969864,-106.435997,4798
CZQ,VORTAC,36.88430023,-119.8150024,363
DAG,VORTAC,34.96250153,-116.5780029,1760
DAK,VOR-DME,36.04290009,-94.19760132,1530
DAN,VOR,36.56890106,-79.33670044,570
DAS,VORTAC,30.18969917,-94.64499664,75
DBL,VOR-DME,39.43930054,-106.8949966,11758
DBN,VORTAC,32.56069946,-82.83319855,300
DBQ,VORTAC,42.4015007,-90.70909882,1051
DBS,VORTAC,44.08890152,-112.2089996,4915
DCA,VOR-DME,38.85950089,-77.03639984,9
DCU,VOR-DME,34.64830017,-86.9394989,590
DDC,VORTAC,37.8506012,-100.0059967,2565
DDD,VOR-DME,41.36640167,-91.14910126,540
DDL,VOR-DME,43.21210098,-95.83390045,1417
DDY,VORTAC,43.09090042,-106.2770004,5860
DEN,VOR-DME,39.8125,-104.6610031,5440
DGD,VORTAC,37.02349854,-92.87689972,1600
DGG,NDB-DME,68.03240204,-162.904007,955
DHK,TACAN,29.53689957,-98.26779938,773
DHP,VORTAC,25.79999924,-80.34899902,10
DHT,VORTAC,36.09149933,-102.5449982,4020
DIK,VORTAC,46.86000061,-102.7740021,2520
DIW,NDB-DME,34.56850052,-77.45300293,54
DJB,VOR-DME,41.35810089,-82.16200256,780
DKK,VORTAC,42.49060059,-79.27410126,680
DLF,VORTAC,29.36090088,-100.7720032,1071
DLG,VOR-DME,58.99420166,-158.552002,119
DLH,VORTAC,46.80220032,-92.20290375,1430
DLL,VORTAC,43.55089951,-89.76360321,1020
DLN,VOR-DME,45.24860001,-112.5469971,5260
DMA,TACAN,32.15990067,-110.8809967,2663
DMN,VORTAC,32.27560043,-107.6050034,4210
DNJ,VORTAC,44.76710129,-116.2060013,7300
DNV,VORTAC,40.29380035,-87.55719757,700
DNW,VOR-DME,43.82830048,-110.3349991,7720
DNY,VOR-DME,42.17829895,-74.95690155,2560
DOB,TACAN,33.91460037,-84.50730133,1008
DOV,TACAN,39.13230133,-75.46730042,17
DPA,VOR-DME,41.89039993,-88.35019684,800
DPK,VOR-DME,40.79180145,-73.30370331,117
DPR,VORTAC,45.0780983,-101.7149963,2530
DQN,VOR-DME,40.01639938,-84.39689636,990
DQO,VORTAC,39.67810059,-75.60710144,70
DRK,VORTAC,34.70259857,-112.4800034,4963
DRO,VOR-DME,37.15330124,-107.75,6660
DRU,VOR,46.63610077,-113.1869965,4150
DSD,VORTAC,44.25279999,-121.3040009,4100
DSM,VORTAC,41.43700027,-93.6486969,940
DTA,VORTAC,39.3022995,-112.5059967,4600
DTL,VOR-DME,46.82550049,-95.88739777,1384
DTN,VOR,32.53990173,-93.74130249,175
DUC,VOR-DME,34.3844986,-97.91680145,1090
DUG,VORTAC,31.47270012,-109.6019974,4160
DUT,NDB-DME,53.90520096,-166.548996,284
DVC,VORTAC,37.80879974,-108.9309998,6990
DVL,VOR-DME,48.11520004,-98.91249847,1450
DVV,VORTAC,39.8946991,-104.6240005,5270
DWG,TACAN,30.47820091,-86.52089691,77
DWN,VORTAC,45.08750153,-94.45379639,1130
DXO,VOR-DME,42.21310043,-83.36669922,638
DYR,VORTAC,36.01860046,-89.31759644,380
DYS,TACAN,32.41849899,-99.85710144,1782
EAR,VOR,40.7256012,-99.00509644,2130
EAT,VOR-DME,47.39970016,-120.2109985,1224
EAU,VORTAC,44.89770126,-91.47850037,900
ECA,VORTAC,37.83359909,-121.1709976,48
ECB,VORTAC,38.15840149,-82.91010284,1070
ECG,VOR-DME,36.25759888,-76.17559814,10
ECK,VORTAC,43.25590134,-82.71790314,810
ECS,VOR,43.88119888,-104.3079987,4211
EDF,TACAN,61.25500107,-149.7689972,360
EDN,VOR,31.29599953,-85.90329742,369
EDS,VOR-DME,33.45569992,-80.85839844,189
EDW,VORTAC,34.98239899,-117.7330017,2354
EED,VORTAC,34.76599884,-114.473999,620
EEN,VORTAC,42.79430008,-72.29180145,1380
EFD,TACAN,29.6060009,-95.15969849,30
EHF,VORTAC,35.48460007,-119.0970001,550
EHM,NDB-DME,58.65589905,-162.076004,541
EIC,VORTAC,32.77140045,-93.80989838,190
EIL,TACAN,64.65380096,-147.0939941,528
EKN,VORTAC,38.91439819,-80.09929657,2160
EKR,VOR-DME,40.06750107,-107.9250031,7620
ELA,VOR-DME,29.66250038,-96.31719971,190
ELB,VOR-DME,33.67599869,-117.7310028,336
ELD,VORTAC,33.25619888,-92.74389648,230
ELN,VORTAC,47.02429962,-120.4580002,1766
ELO,VOR-DME,47.82189941,-91.83010101,1490
ELP,VORTAC,31.8159008,-106.2819977,4020
ELW,VORTAC,34.4192009,-82.78469849,740
ELX,VOR-DME,42.14440155,-86.12259674,795
ELY,VOR-DME,39.29809952,-114.8479996,6254
ELZ,VORTAC,42.08959961,-77.99949646,2296
EMG,VORTAC,32.40019989,-93.5951004,160
EMI,VORTAC,39.49499893,-76.97859955,820
EMP,VORTAC,38.29109955,-96.13809967,1220
ENA,VOR-DME,60.61470032,-151.1950073,114
END,VORTAC,36.34500122,-97.91829681,1304
ENE,VORTAC,43.42570114,-70.6135025,190
ENI,VORTAC,39.05319977,-123.2740021,2980
ENL,VORTAC,38.41999817,-89.15899658,550
ENM,VOR-DME,62.7845993,-164.4880066,5
ENN,VORTAC,64.58999634,-149.072998,1600
ENO,VORTAC,39.2317009,-75.51589966,10
ENW,VOR-DME,42.59909821,-87.93170166,735
EON,VORTAC,41.26959991,-87.79109955,690
EOS,VOR-DME,36.8423996,-94.43569946,1200
EPH,VORTAC,47.37789917,-119.4240036,1250
ERI,VORTAC,42.01739883,-80.29270172,800
ERY,VOR-DME,46.31280136,-85.46430206,871
ESC,VOR-DME,45.72259903,-87.08959961,600
ESF,VORTAC,31.44750023,-92.32189941,195
ESL,VOR-DME,39.2254982,-78.98950195,2590
EST,VOR,43.40909958,-94.74440002,1320
ETG,VORTAC,41.21500015,-78.14279938,2250
ETL,VOR-DME,38.04029846,-108.2590027,8460
ETX,VOR-DME,40.58100128,-75.68399811,750
EUF,VORTAC,31.95019913,-85.13050079,280
EUG,VORTAC,44.1208992,-123.2229996,364
EVM,VOR-DME,47.42440033,-92.50189972,1376
EVW,VOR-DME,41.27249908,-111.0469971,7131
EWA,VORTAC,32.3667984,-88.45839691,300
EWC,VORTAC,40.82519913,-80.21160126,1220
EWM,VORTAC,31.95170021,-106.2720032,4040
EWN,VOR-DME,35.07310104,-77.04509735,10
EWO,VOR-DME,37.63180161,-85.67590332,960
EYW,VORTAC,24.58589935,-81.80049896,10
FAH,VOR-DME,43.76890182,-87.84829712,744
FAI,VORTAC,64.80010223,-148.0119934,1493
FAK,VORTAC,37.5284996,-77.82820129,460
FAM,VORTAC,37.67340088,-90.23400116,1220
FAR,VORTAC,46.7533989,-96.8513031,910
FAY,VOR-DME,34.98550034,-78.87509918,180
FBR,VOR-DME,41.3783989,-110.4240036,7060
FCA,VOR-DME,48.21409988,-114.1760025,2984
FCM,VOR-DME,44.82569885,-93.45680237,900
FCS,VOR-DME,38.68069839,-104.7570038,5829
FDK,VOR,39.41220093,-77.37509918,299
FDY,VORTAC,40.95529938,-83.7559967,820
FFM,VOR-DME,46.28929901,-96.15670013,1190
FFO,TACAN,39.81900024,-84.05549622,804
FFT,VOR,38.18239975,-84.90859985,800
FFU,VORTAC,40.27489853,-111.9410019,7690
FGT,VORTAC,44.63090134,-93.18209839,930
FHU,VOR,31.5897007,-110.3550034,4664
FIM,VORTAC,34.3567009,-118.8809967,2200
FJC,VORTAC,40.72669983,-75.45480347,680
FJS,VOR-DME,41.4496994,-122.8059998,4900
FKL,VOR,41.43859863,-79.85679626,1530
FKN,VORTAC,36.71419907,-77.01229858,90
FLG,VOR-DME,35.14720154,-111.6740036,7026
FLL,VOR-DME,26.0746994,-80.15249634,10
FLM,VOR-DME,38.6495018,-84.31060028,810
FLO,VORTAC,34.23289871,-79.65709686,110
FLP,VOR-DME,36.29959869,-92.45839691,780
FLW,VORTAC,35.0931015,-119.8659973,3870
FMG,VORTAC,39.53129959,-119.6559982,5949
FMH,TACAN,41.6595993,-70.51390076,120
FML,VORTAC,34.98910141,-80.95480347,645
FNT,VORTAC,42.96680069,-83.74700165,770
FOD,VORTAC,42.61119843,-94.2947998,1150
FOE,TACAN,38.94739914,-95.66120148,1043
FOK,TACAN,40.83779907,-72.63179779,50
FOT,VORTAC,40.67129898,-124.2350006,400
FOW,VOR-DME,44.20439911,-93.37049866,1098
FQF,VORTAC,39.69010162,-104.6210022,5780
FQM,VOR-DME,41.33860016,-76.77490234,2090
FRA,VORTAC,37.10440063,-119.5950012,2380
FRI,VOR,38.97019958,-96.86100006,1240
FRM,VOR-DME,43.64599991,-94.42259979,1160
FSD,VORTAC,43.6495018,-96.78119659,1570
FSM,VORTAC,35.38840103,-94.27149963,430
FST,VORTAC,30.95210075,-102.9759979,2890
FTI,VORTAC,35.6576004,-105.1360016,6870
FTK,VOR-DME,37.90739822,-85.97290039,740
FTZ,VORTAC,38.69449997,-90.97129822,817
FUZ,VORTAC,32.88949966,-97.17939758,637
FWA,VORTAC,40.97909927,-85.18810272,802
FXU,VORTAC,31.11160088,-93.21790314,315
FYU,VORTAC,66.57430267,-145.2769928,425
FZT,VOR-DME,32.07460022,-95.53079987,305
GAD,VOR-DME,33.97639847,-86.08360291,560
GAG,VORTAC,36.34370041,-99.88009644,2430
GAL,VORTAC,64.73819733,-156.7769928,130
GAM,NDB-DME,63.7820015,-171.7369995,38
GBG,VOR-DME,40.93730164,-90.43450165,760
GBN,VORTAC,32.95629883,-112.6740036,790
GCC,VOR-DME,44.34780121,-105.5429993,4334
GCK,VORTAC,37.91910172,-100.7249985,2880
GCN,VOR-DME,35.96030045,-112.1460037,6670
GCV,VORTAC,31.09799957,-88.48609924,300
GDM,VORTAC,42.54600143,-72.05819702,1280
GEE,VOR-DME,42.83440018,-77.73269653,990
GEF,VORTAC,30.55130005,-83.78309631,220
GEG,VORTAC,47.56489944,-117.6269989,2755
GEP,VORTAC,45.14569855,-93.37319946,880
GFA,TACAN,47.5041008,-111.1819992,3501
GFK,VOR-DME,47.95479965,-97.18540192,841
GFL,VORTAC,43.34170151,-73.61180115,319
GFS,VORTAC,35.1310997,-115.1760025,4000
GGG,VORTAC,32.4178009,-94.75319672,320
GGT,VORTAC,42.78900146,-75.8266983,2040
GGW,VOR-DME,48.21530151,-106.625,2280
GHM,VORTAC,35.83409882,-87.45179749,770
GIJ,VORTAC,41.76860046,-86.31839752,800
GKN,VOR-DME,62.15240097,-145.4499969,1548
GLD,VORTAC,39.38790131,-101.6920013,3650
GLH,VOR-DME,33.52349854,-90.98290253,130
GLJ,VOR,34.95240021,-120.5210037,138
GLL,VORTAC,40.50389862,-104.5530014,4910
GLR,VOR-DME,45.01250076,-84.70429993,1320
GMN,VORTAC,34.80400085,-118.8610001,4920
GNL,VOR-DME,31.5814991,-96.54910278,512
GNP,VOR-DME,35.92089844,-95.96869659,810
GNV,VORTAC,29.69210052,-82.27300262,128
GOJ,VOR,35.95100021,-89.94110107,250
GON,VOR-DME,41.33039856,-72.05200195,20
GPT,VORTAC,30.40679932,-89.07679749,20
GPZ,VOR-DME,47.16360092,-93.4885025,1400
GQE,VOR-DME,35.34700012,-90.47820282,211
GQO,VORTAC,34.9612999,-85.15339661,1030
GRB,VORTAC,44.55519867,-88.19490051,760
GRD,VORTAC,34.25159836,-82.15419769,630
GRI,VORTAC,40.98400116,-98.31479645,1840
GRK,VOR-DME,31.03289986,-97.813797,980
GRV,VOR-DME,39.63499832,-79.05049896,2640
GSB,TACAN,35.33499908,-77.97160339,82
GSH,VORTAC,41.52519989,-86.02799988,850
GSO,VORTAC,36.04570007,-79.97640228,879
GTF,VORTAC,47.45000076,-111.4120026,3673
GTH,VORTAC,33.77830124,-100.3359985,1940
GUP,VORTAC,35.47600174,-108.8730011,7053
GUS,VORTAC,40.64490128,-86.15170288,810
GVE,VORTAC,38.0135994,-78.1529007,380
GVO,VORTAC,34.53129959,-120.0910034,2620
GXU,VORTAC,40.0094986,-74.59629822,114
GZG,VOR-DME,36.82509995,-82.07900238,4200
HAB,VORTAC,34.19509888,-88.01249695,810
HAR,VORTAC,40.30220032,-77.06960297,1301
HBR,VORTAC,34.86660004,-99.06340027,1463
HBT,NDB-DME,55.31560135,-160.5180054,132
HBU,VOR-DME,38.45220184,-107.0400009,8730
HCH,VORTAC,35.78099823,-84.97850037,3040
HCM,VORTAC,37.44869995,-76.71140289,10
HCT,VORTAC,40.45410156,-100.9240036,3010
HDF,VOR,33.77629852,-117.1849976,1414
HDO,VOR-DME,29.34910011,-99.17790222,947
HEC,VORTAC,34.79700089,-116.4629974,1850
HEY,VOR,31.37409973,-85.65280151,300
HEZ,VOR-DME,31.6182003,-91.29959869,280
HFD,VOR-DME,41.64110184,-72.54740143,849
HGO,VORTAC,38.81750107,-103.6210022,5233
HGR,VOR,39.6977005,-77.85569763,560
HIA,VORTAC,45.86180115,-112.1699982,5530
HIB,VOR-DME,47.30149841,-92.70410156,1350
HIC,VOR-DME,43.57490158,-85.71620178,920
HIF,TACAN,41.12049866,-111.9639969,4806
HLC,VORTAC,39.25870132,-100.2259979,2690
HLE,NDB-DME,43.32910156,-114.2429962,4950
HLG,VOR-DME,40.25989914,-80.56860352,1269
HLI,VORTAC,34.77030182,-89.49649811,630
HLN,VORTAC,46.60680008,-111.9530029,3823
HLV,VORTAC,39.11349869,-92.12819672,920
HML,VORTAC,48.86920166,-97.11789703,800
HMN,TACAN,32.86209869,-106.1090012,4120
HMU,VOR,30.51939964,-90.41750336,40
HMV,VORTAC,36.43709946,-82.12960052,4321
HNB,VOR-DME,38.25030136,-86.95639801,530
HNK,VOR-DME,42.06309891,-75.31629944,2070
HNL,VORTAC,21.30830002,-157.9299927,10
HNN,VORTAC,38.7541008,-82.02619934,880
HNW,VOR-DME,38.72470093,-120.7490005,2583
HOB,VORTAC,32.63819885,-103.2689972,3660
HOM,VOR-DME,59.70940018,-151.4570007,1621
HON,VORTAC,44.44010162,-98.31109619,1300
HOT,VOR-DME,34.47859955,-93.09059906,530
HPB,VOR-DME,61.51440048,-166.1340027,7
HPW,VORTAC,37.32889938,-77.11589813,70
HQM,VORTAC,46.9469986,-124.1490021,10
HRK,VOR-DME,42.76190186,-87.81439972,669
HRL,VOR-DME,26.22920036,-97.65190125,30
HRO,VOR-DME,36.31829834,-93.21330261,1400
HRS,VORTAC,34.94300079,-83.91570282,3660
HRT,TACAN,30.4279995,-86.69029999,35
HRV,VORTAC,29.85020065,-90.00299835,3
HSI,VOR-DME,40.60449982,-98.42960358,1950
HSL,VOR-DME,65.707901,-156.3630066,187
HST,TACAN,25.48950005,-80.37940216,53
HTL,VOR-DME,44.35889816,-84.66570282,1145
HTO,VORTAC,40.91899872,-72.3167038,30
HUB,VOR-DME,29.65559959,-95.2766037,82
HUH,VORTAC,48.94530106,-122.5790024,84
HUL,VOR-DME,46.03950119,-67.834198,860
HUO,VOR-DME,41.40969849,-74.59159851,1300
HUP,VORTAC,31.56870079,-105.3759995,4390
HUT,VOR-DME,37.99689865,-97.93419647,1531
HUW,VOR-DME,36.87139893,-91.90000153,1220
HVE,VORTAC,38.41680145,-110.6999969,4430
HVN,VOR-DME,41.26229858,-72.8852005,13
HVQ,VORTAC,38.34970093,-81.76989746,1100
HVR,VOR-DME,48.54050064,-109.7699966,2580
HXW,TACAN,36.67639923,-87.49189758,572
HYK,VORTAC,37.96640015,-84.47250366,1039
HYP,VOR-DME,37.2193985,-120.4000015,182
HYR,VOR-DME,46.01900101,-91.4464035,1207
HYS,VORTAC,38.84759903,-99.27680206,2020
HZL,VOR,40.97510147,-76.12580109,1709
HZN,VORTAC,39.51639938,-118.9980011,4080
IAB,TACAN,37.62189865,-97.26820374,1374
IAG,TACAN,43.11249924,-78.96029663,635
IAH,VORTAC,29.95689964,-95.34570313,90
ICT,VORTAC,37.74530029,-97.58380127,1471
IDA,VOR-DME,43.51900101,-112.064003,4724
IDU,VORTAC,29.95610046,-96.56220245,419
IFI,VORTAC,35.80530167,-98.00389862,1110
IFM,VOR,31.42869949,-83.48889923,350
IGB,VORTAC,33.48550034,-88.51360321,240
IGM,VOR-DME,35.26050186,-113.9339981,3410
IGN,VOR-DME,41.66550064,-73.82230377,580
IHD,VORTAC,39.9742012,-79.35839844,2820
IIK,VOR-DME,59.94279861,-164.0339966,0
IIP,VOR-DME,42.67610168,-105.2259979,4900
IIU,VORTAC,38.10350037,-85.57740021,720
IJX,VOR-DME,39.77640152,-90.23870087,615
IKK,VOR-DME,41.07440186,-87.84980011,625
ILA,VORTAC,39.07109833,-122.0270004,50
ILC,VORTAC,38.25019836,-114.3939972,9318
ILI,NDB-DME,59.7478981,-154.9100037,168
ILL,VOR-DME,45.11750031,-95.09059906,1120
ILM,VORTAC,34.35169983,-77.87439728,20
ILR,VOR-DME,43.5931015,-118.9550018,4140
IMB,VORTAC,44.64839935,-119.711998,5220
IMT,VOR-DME,45.81600189,-88.11209869,1130
INA,VOR-DME,40.89929962,-117.8119965,4302
INK,VORTAC,31.87479973,-103.2440033,2860
INL,VORTAC,48.56579971,-93.40570068,1180
INS,TACAN,36.58499908,-115.6699982,3101
INW,VORTAC,35.06159973,-110.7949982,4910
IOW,VORTAC,41.51900101,-91.61329651,770
IPL,VORTAC,32.74890137,-115.5090027,-20
IRK,VORTAC,40.13499832,-92.59169769,985
IRQ,VORTAC,33.70740128,-82.16210175,428
IRW,VORTAC,35.35860062,-97.60919952,1230
ISD,VOR,43.48789978,-99.76139832,2355
ISN,VORTAC,48.25329971,-103.7509995,2372
ISO,VORTAC,35.37099838,-77.5582962,70
ISQ,VOR-DME,45.9762001,-86.17340088,680
ITH,VOR-DME,42.49499893,-76.45970154,1110
ITO,VORTAC,19.72130013,-155.0110016,23
IWA,VORTAC,33.30319977,-111.651001,1370
IWD,VORTAC,46.53229904,-90.12580109,1230
JAC,VOR-DME,43.62099838,-110.7320023,6452
JAN,VORTAC,32.50749969,-90.16770172,360
JAY,VOR-DME,43.57630157,-92.91970062,1232
JBR,VOR-DME,35.87490082,-90.58850098,247
JCT,VORTAC,30.59799957,-99.81749725,2280
JEN,VORTAC,32.1595993,-97.87770081,1300
JFK,VOR-DME,40.63290024,-73.77140045,11
JFN,VOR-DME,41.76010132,-80.74810028,900
JHW,VOR-DME,42.18859863,-79.12129974,1790
JKS,VOR-DME,35.59899902,-88.35890198,630
JLI,VORTAC,33.14049911,-116.5859985,5560
JMS,VOR-DME,46.93289948,-98.67880249,1490
JNC,VORTAC,39.05960083,-108.7929993,7100
JOH,VOR-DME,60.48099899,-146.598999,47
JOT,VORTAC,41.54639816,-88.31839752,593
JPU,VORTAC,39.44120026,-81.37480164,1030
JST,VORTAC,40.31669998,-78.834198,2280
JVL,VOR-DME,42.55799866,-89.1053009,900
JWJ,VOR-DME,42.1114006,-92.9088974,981
JXN,VOR-DME,42.25920105,-84.45850372,1000
JYU,VOR-DME,32.34460068,-86.99130249,160
KKA,NDB-DME,64.93199921,-161.147995,74
KOA,VORTAC,19.71723889,-156.0449203,36
KSY,TACAN,29.39159966,-98.58100128,687
LAA,VORTAC,38.19710159,-102.6880035,3944
LAL,VORTAC,27.98620033,-82.01390076,135
LAN,VORTAC,42.7173996,-84.6977005,880
LAR,VORTAC,41.33789825,-105.7210007,7280
LAS,VORTAC,36.07970047,-115.1600037,2141
LAW,VOR-DME,34.49620056,-98.4131012,1100
LAX,VORTAC,33.93310165,-118.4319992,182
LBB,VORTAC,33.70489883,-101.9140015,3310
LBF,VORTAC,41.04859924,-100.7470016,3050
LBL,VORTAC,37.04439926,-100.9710007,2890
LBT,VOR,34.6106987,-79.05480194,126
LBV,VORTAC,26.82819939,-81.3914032,30
LBY,VORTAC,31.41869926,-89.33760071,290
LCH,VORTAC,30.14150047,-93.10559845,20
LCK,TACAN,39.80820084,-82.92880249,732
LCU,VORTAC,41.36299896,-113.8410034,4400
LDK,VORTAC,33.25889969,-87.53690338,370
LDN,VORTAC,38.85440063,-78.20559692,2440
LEB,VOR-DME,43.67890167,-72.2161026,1460
LEM,VOR,45.91970062,-102.1039963,2570
LEV,VORTAC,29.17519951,-90.10399628,2
LFD,VOR-DME,42.0625,-84.76509857,1040
LFI,TACAN,37.08560181,-76.35939789,11
LFK,VORTAC,31.16239929,-94.71700287,200
LFT,VORTAC,30.19379997,-91.99259949,37
LFV,VOR-DME,42.01720047,-70.03730011,152
LGA,VOR-DME,40.78789902,-73.87709808,10
LGC,VORTAC,33.04909897,-85.20619965,790
LGU,VOR-DME,41.84410095,-111.8649979,4466
LHO,VOR-DME,41.79290009,-112.0100021,5358
LHS,VORTAC,34.68299866,-118.5770035,5790
LHY,VORTAC,41.47579956,-75.48259735,2320
LIA,VOR,42.98270035,-115.7740021,2990
LIB,VORTAC,35.81159973,-79.61260223,830
LIH,VORTAC,21.96529961,-159.3379974,110
LIN,VORTAC,38.07460022,-121.0039978,260
LIT,VORTAC,34.67770004,-92.18049622,240
LJT,VOR-DME,43.10979843,-88.03730011,750
LKI,TACAN,46.84500122,-92.18509674,1430
LKT,VOR-DME,45.02130127,-114.0839996,9258
LKV,VORTAC,42.49280167,-120.5070038,7460
LLA,VOR-DME,29.66320038,-92.37359619,40
LLC,VORTAC,40.12490082,-118.5780029,4784
LLO,VORTAC,30.79630089,-98.78739929,1200
LMN,VORTAC,40.59669876,-93.96759796,1140
LMT,VORTAC,42.15309906,-121.7279968,4087
LNK,VORTAC,40.92380142,-96.74199677,1370
LNN,VOR-DME,41.68439865,-81.38950348,620
LNR,VOR-DME,43.29439926,-90.13310242,1184
LNY,VORTAC,20.76449966,-156.9689941,1250
LOA,VORTAC,31.12400055,-95.96800232,350
LOZ,VORTAC,37.03310013,-84.11009979,1240
LRD,VORTAC,27.47870064,-99.41770172,580
LRF,TACAN,34.91809845,-92.15769958,328
LRP,VORTAC,40.11999893,-76.29129791,400
LSE,VOR-DME,43.87609863,-91.2559967,650
LSF,VOR-DME,32.33240128,-84.99330139,250
LSV,TACAN,36.24470139,-115.0250015,1864
LTJ,VOR-DME,45.71360016,-121.1009979,3220
LTS,VORTAC,34.66289902,-99.27120209,1370
LUF,TACAN,33.53770065,-112.3799973,1076
LUR,NDB-DME,68.87110138,-166.076004,125
LVD,VOR-DME,56.46770096,-133.0829926,100
LVL,VORTAC,36.81800079,-77.90299988,350
LVM,VORTAC,45.70249939,-110.4420013,4650
LVT,VORTAC,36.58459854,-85.16660309,1020
LVZ,VORTAC,41.27280045,-75.6894989,2120
LWB,VOR-DME,37.86380005,-80.39199829,2319
LWL,VOR,41.14479828,-114.9779968,5905
LWM,VOR-DME,42.74039841,-71.09480286,299
LWT,VORTAC,47.0530014,-109.6060028,4133
LWV,VOR-DME,38.76990128,-87.60379791,429
LYH,VORTAC,37.25460052,-79.2365036,880
LZZ,VORTAC,31.18549919,-98.14189911,1290
MAD,VOR-DME,41.31380081,-72.69219971,230
MAF,VORTAC,32.00930023,-102.1900024,2860
MAH,VOR,41.01509857,-83.66470337,831
MAI,VORTAC,30.78619957,-85.12449646,120
MAP,VORTAC,37.59080124,-91.78859711,1370
MAW,VORTAC,36.55509949,-89.91139984,280
MBL,VOR-DME,44.27069855,-86.2539978,618
MBS,VOR-DME,43.53160095,-84.07720184,670
MBW,VOR-DME,41.84550095,-106.0039978,7000
MCB,VORTAC,31.30450058,-90.2582016,440
MCC,VOR-DME,38.66740036,-121.4039993,72
MCF,TACAN,27.86120033,-82.5134964,14
MCG,VORTAC,62.95100021,-155.6109924,350
MCI,VORTAC,39.28530121,-94.73709869,1017
MCK,VOR-DME,40.2038002,-100.5940018,2571
MCM,VOR-DME,39.65409851,-92.48220062,870
MCN,VORTAC,32.69120026,-83.64720154,350
MCW,VORTAC,43.09469986,-93.32990265,1210
MDO,VOR-DME,59.42179871,-146.3500061,121
MEE,VOR,35.66320038,-95.36769867,610
MEI,VORTAC,32.37850189,-88.8042984,580
MEM,VORTAC,35.01509857,-89.98320007,360
MFD,VORTAC,40.86859894,-82.59100342,1210
MFE,VOR-DME,26.1739006,-98.24079895,100
MGM,VORTAC,32.22230148,-86.31970215,270
MGR,VOR-DME,31.08230019,-83.80419922,290
MGW,VORTAC,39.55670166,-79.86039734,2340
MHE,VOR-DME,43.77700043,-98.03759766,1301
MHF,VOR-DME,29.54630089,-94.74749756,38
MHK,VOR-DME,39.145401,-96.66870117,1044
MHT,VOR-DME,42.86849976,-71.36949921,469
MIB,TACAN,48.41540146,-101.3659973,1668
MIE,VOR-DME,40.23730087,-85.39399719,940
MIJ,TACAN,40.1916008,-112.9219971,4372
MIP,VORTAC,41.02339935,-76.66529846,1000
MJF,TACAN,33.06629944,-96.06140137,540
MKG,VORTAC,43.16930008,-86.03929901,660
MKK,VORTAC,21.13809967,-157.1670074,1421
MKL,VOR-DME,35.60359955,-88.91040039,410
MKT,VOR-DME,44.21989822,-93.91239929,1020
MLB,VOR-DME,28.1053009,-80.63529968,30
MLC,VORTAC,34.84949875,-95.78230286,820
MLD,VOR-DME,42.19990158,-112.4509964,7330
MLF,VORTAC,38.36040115,-113.0130005,4980
MLP,VOR-DME,47.45690155,-115.6460037,6100
MLS,VORTAC,46.38219833,-105.9540024,2640
MLT,VOR-DME,45.58670044,-68.51550293,550
MLU,VORTAC,32.51689911,-92.03600311,80
MMJ,VORTAC,40.48820114,-80.19390106,1200
MML,VOR-DME,44.44839859,-95.82479858,1180
MMM,VORTAC,36.76929855,-114.2770004,2120
MMT,VORTAC,33.92409897,-80.80239868,249
MNM,VOR-DME,45.18009949,-87.64720154,650
MOD,VOR-DME,37.62730026,-120.9580002,90
MOL,VOR-DME,37.90050125,-79.10690308,3460
MON,VOR-DME,33.56209946,-91.71569824,280
MOP,VOR-DME,43.62279892,-84.73729706,752
MOS,VOR-DME,64.69650269,-162.0709991,14
MOT,VORTAC,48.26029968,-101.2870026,1691
MOX,VOR-DME,45.56579971,-95.96920013,1132
MPV,VOR-DME,44.08549881,-72.44940186,2080
MQG,VOR-DME,46.38159943,-116.8700027,1720
MQO,VORTAC,35.25230026,-120.7600021,1463
MQP,VORTAC,32.7262001,-97.99739838,900
MRB,VORTAC,39.38560104,-77.8483963,600
MRF,VOR-DME,30.29840088,-103.9550018,4830
MSL,VORTAC,34.70690155,-87.49150085,580
MSN,VORTAC,43.14479828,-89.33969879,860
MSO,VOR-DME,46.90800095,-114.0839996,3203
MSP,VOR-DME,44.89649963,-93.2365036,831
MSS,VORTAC,44.91439819,-74.72270203,200
MTC,TACAN,42.61299896,-82.83180237,580
MTJ,VOR-DME,38.50640106,-107.8990021,5710
MTN,TACAN,39.33089828,-76.41130066,20
MTO,VOR-DME,39.47800064,-88.28610229,720
MTU,VORTAC,40.14920044,-110.1279984,5396
MTW,VOR-DME,44.12850189,-87.67990112,650
MUE,VOR-DME,19.99810028,-155.6699982,2670
MUO,TACAN,43.04050064,-115.875,3000
MVA,VORTAC,38.56529999,-118.0329971,7860
MVC,VORTAC,31.46039963,-87.35279846,417
MVE,VOR-DME,44.97269821,-95.71199799,1034
MVY,VOR-DME,41.39619827,-70.61270142,59
MWA,VOR-DME,37.75419998,-89.01170349,490
MWH,VOR-DME,47.21089935,-119.3170013,1177
MXE,VORTAC,39.91809845,-75.67079926,474
MXF,TACAN,32.37929916,-86.36830139,170
MXQ,VOR-DME,39.42969894,-83.80120087,1050
MXW,VORTAC,39.31760025,-122.2220001,110
MYS,VOR,37.89410019,-86.24449921,790
MYV,VOR-DME,39.09859848,-121.572998,60
MZB,VORTAC,32.78219986,-117.2249985,12
MZV,VORTAC,41.32109833,-90.63809967,820
MZZ,VOR-DME,40.49340057,-85.67919922,850
NBC,TACAN,32.47900009,-80.71730042,49
NBS,TACAN,22.03759956,-159.7850037,10
NCA,TACAN,34.70709991,-77.44029999,74
NEL,TACAN,40.03699875,-74.35310364,144
NFG,TACAN,33.2743988,-117.387001,560
NFL,TACAN,39.41690063,-118.7050018,3929
NFW,TACAN,32.77149963,-97.4394989,663
NGF,TACAN,21.45050049,-157.7640076,47
NGP,VORTAC,27.68630028,-97.29470062,20
NGS,TACAN,30.61490059,-86.9375,80
NGU,TACAN,36.93999863,-76.27729797,45
NHZ,TACAN,43.87350082,-69.92189789,181
NID,TACAN,35.68790054,-117.6900024,2272
NIP,TACAN,30.23489952,-81.67510223,20
NJK,TACAN,32.83179855,-115.6809998,-50
NJM,TACAN,34.6896019,-77.02719879,24
NJW,TACAN,32.79510117,-88.83529663,540
NKT,TACAN,34.90219879,-76.87480164,30
NKX,TACAN,32.86970139,-117.1549988,430
NLC,TACAN,36.34410095,-119.9660034,231
NMM,TACAN,32.57849884,-88.54530334,310
NOG,TACAN,27.89529991,-98.04260254,241
NPA,TACAN,30.3579998,-87.3164978,24
NQI,TACAN,27.4993,-97.80549622,46
NQX,TACAN,24.58009911,-81.68229675,16
NRB,TACAN,30.3885994,-81.42310333,9
NRS,TACAN,32.56420135,-117.1100006,20
NSD,TACAN,32.88000107,-118.4410019,2000
NSE,TACAN,30.72400093,-87.01799774,179
NSI,TACAN,33.23509979,-119.4580002,521
NTD,TACAN,34.12329865,-119.1220016,6
NTU,TACAN,36.82419968,-76.03700256,64
NUC,TACAN,33.02690125,-118.5800018,161
NUD,TACAN,51.87129974,-176.673996,379
NUN,VOR,30.47220039,-87.33580017,80
NUQ,TACAN,37.43239975,-122.0579987,0
NUW,TACAN,48.35490036,-122.6620026,51
NXP,TACAN,34.29669952,-116.1569977,2006
NXX,TACAN,40.19449997,-75.14630127,360
NYL,TACAN,32.64680099,-114.612999,193
NZY,TACAN,32.70259857,-117.2160034,25
OAB,VOR-DME,38.75619888,-109.7490005,4570
OAK,VORTAC,37.72589874,-122.223999,10
OAL,VORTAC,38.00329971,-117.7699966,4800
OBH,VORTAC,41.3757019,-98.35359955,2010
OBK,VOR-DME,42.2215004,-87.95179749,758
OCF,VORTAC,29.17749977,-82.2263031,80
OCN,VORTAC,33.24060059,-117.4179993,53
OCS,VORTAC,41.59019852,-109.0149994,6780
ODF,VORTAC,34.69589996,-83.29769897,1700
ODG,VOR-DME,36.37379837,-97.7881012,1150
ODI,VORTAC,43.91239929,-91.46759796,1280
ODK,VORTAC,57.77500153,-152.3399963,130
ODR,VOR,37.32440186,-79.97899628,1160
OED,VORTAC,42.479599,-122.913002,2080
OFF,TACAN,41.11719894,-95.90000153,1090
OFK,VOR-DME,41.98789978,-97.43460083,1540
OGD,VORTAC,41.22409821,-112.0979996,4223
OGG,VORTAC,20.90649986,-156.4210052,30
OJC,VOR-DME,38.84059906,-94.73680115,1034
OKK,VORTAC,40.52780151,-86.05799866,830
OKM,VOR-DME,35.69309998,-95.86599731,766
OKW,VORTAC,33.23960114,-87.25,649
OLK,VOR,41.24689865,-85.49739838,970
OLM,VORTAC,46.97159958,-122.9020004,200
OLS,VOR-DME,31.41500092,-110.848999,3870
OLT,NDB-DME,60.47499847,-150.8789978,250
OLU,VOR-DME,41.45000076,-97.34079742,1442
OME,VOR-DME,64.48509979,-165.253006,100
OMN,VORTAC,29.30330086,-81.11270142,19
ONA,VOR-DME,44.07619858,-91.70570374,650
ONL,VORTAC,42.47050095,-98.68689728,2030
ONM,VORTAC,34.33890152,-106.8199997,4910
ONP,VORTAC,44.57540131,-124.060997,150
OOD,VORTAC,39.63600159,-75.3030014,140
OOM,VORTAC,39.14379883,-86.61299896,850
OQK,NDB-DME,67.57189941,-162.973999,82
ORD,VOR-DME,41.98770142,-87.9048996,650
ORF,VORTAC,36.89189911,-76.20030212,20
ORL,VORTAC,28.54269981,-81.33499908,109
ORT,VORTAC,62.94720078,-141.9129944,1178
ORW,VOR-DME,41.5564003,-71.99939728,310
OSH,VORTAC,43.99039841,-88.55590057,780
OSI,VORTAC,37.39250183,-122.2809982,2270
OSW,VORTAC,37.15750122,-95.20359802,930
OTB,VOR-DME,34.22389984,-88.79730225,360
OTG,VOR-DME,43.64690018,-95.58190155,1570
OTH,VORTAC,43.41550064,-124.1679993,707
OTK,VOR-DME,30.78039932,-83.27970123,199
OTM,VOR-DME,41.02909851,-92.32589722,820
OTO,VOR,35.07220078,-105.935997,6290
OTT,VORTAC,38.70589828,-76.74469757,210
OTZ,VOR-DME,66.88569641,-162.5399933,120
OVR,VORTAC,41.16730118,-95.73670197,1300
OWB,VOR-DME,37.74359894,-87.16590118,400
OXI,VOR-DME,41.3219986,-86.64929962,690
OYN,NDB-DME,64.51280212,-165.4329987,56
OZB,VOR,40.87039948,-100.0039978,2500
OZN,VOR-DME,37.08810043,-113.5920029,2901
OZR,VOR-DME,31.2689991,-85.7263031,326
PAE,VOR-DME,47.9197998,-122.2779999,670
PAM,TACAN,30.0739994,-85.57240295,14
PBF,VOR-DME,34.24679947,-91.92620087,210
PBI,VORTAC,26.68009949,-80.08650208,19
PCU,VOR-DME,30.56119919,-89.73049927,70
PDK,VOR-DME,33.87559891,-84.29879761,970
PDN,NDB-DME,56.95399857,-158.6490021,86
PDT,VORTAC,45.69839859,-118.939003,1559
PDX,VOR-DME,45.59370041,-122.6060028,23
PDZ,VORTAC,33.91830063,-117.5299988,1432
PEQ,VOR-DME,31.46929932,-103.5749969,2650
PER,VORTAC,36.74649811,-97.16010284,1060
PFN,VORTAC,30.21619987,-85.68090057,10
PGA,VOR-DME,36.93099976,-111.4469986,4277
PGD,VOR,26.91679955,-81.99120331,22
PGO,VORTAC,34.68050003,-94.60900116,2700
PGS,VORTAC,35.62469864,-113.5439987,4760
PGY,VORTAC,32.61029816,-116.9789963,580
PHK,VORTAC,26.78269958,-80.69139862,20
PHP,VOR-DME,44.05820084,-101.6640015,2340
PIA,VORTAC,40.68009949,-89.7928009,730
PIE,VORTAC,27.90780067,-82.68430328,9
PIH,VORTAC,42.87039948,-112.6520004,4433
PIO,VOR-DME,32.52920151,-105.3050003,6580
PIR,VORTAC,44.39450073,-100.163002,1790
PKD,VOR-DME,46.89820099,-95.07089996,1440
PKE,VORTAC,34.10200119,-114.6819992,1000
PLB,VORTAC,44.68489838,-73.52269745,343
PLL,VOR-DME,41.96559906,-89.52420044,840
PLN,VORTAC,45.63059998,-84.66410065,840
PMD,VORTAC,34.63140106,-118.064003,2500
PMM,VOR-DME,42.46549988,-86.10579681,640
PNE,VOR,40.08209991,-75.0094986,110
PNH,VORTAC,35.23509979,-101.6989975,3592
PNN,VOR-DME,45.32920074,-67.70420074,400
PNT,VOR-DME,40.82120132,-88.73349762,679
POB,TACAN,35.16849899,-79.0196991,240
POM,VORTAC,34.07839966,-117.7870026,1270
PPM,VOR-DME,39.46670151,-76.17099762,41
PQI,VOR-DME,46.77420044,-68.09449768,590
PQN,NDB-DME,43.98609924,-96.29640198,1778
PRB,VORTAC,35.67240143,-120.6269989,820
PRX,VOR-DME,33.54240036,-95.44830322,510
PSB,VORTAC,40.91630173,-77.99269867,2440
PSC,VOR-DME,46.26300049,-119.1159973,404
PSI,VORTAC,42.70090103,-83.53279877,1148
PSK,VORTAC,37.08769989,-80.71289825,2120
PSM,VORTAC,43.08449936,-70.83200073,99
PSP,VORTAC,33.86999893,-116.4300003,1600
PSX,VORTAC,28.76440048,-96.30619812,15
PTW,VORTAC,40.22230148,-75.56030273,290
PUB,VORTAC,38.29430008,-104.4290009,4760
PUC,VOR-DME,39.60319901,-110.7539978,5891
PUT,VOR-DME,41.95550156,-71.84410095,650
PUW,VOR-DME,46.67430115,-117.223999,2720
PVD,VORTAC,41.72430038,-71.42960358,49
PVU,VOR-DME,40.21490097,-111.7210007,4493
PVW,VOR-DME,34.08620071,-101.7900009,3400
PWA,VOR-DME,35.53290176,-97.64720154,1270
PWE,VORTAC,40.20040131,-96.20629883,1360
PWL,VOR-DME,41.76979828,-73.60050201,1250
PXN,VORTAC,36.71549988,-120.7789993,2060
PXR,VORTAC,33.43299866,-111.9700012,1182
PXT,VORTAC,38.28779984,-76.40019989,20
PXV,VORTAC,37.92829895,-87.76239777,430
PYE,VORTAC,38.07979965,-122.8679962,1340
PZD,VORTAC,31.65519905,-84.29309845,280
RAL,VOR,33.95199966,-117.4489975,762
RAP,VORTAC,43.97600174,-103.012001,3160
RAV,VORTAC,40.55339813,-76.59940338,1750
RBA,VOR-DME,39.85079956,-95.42310333,1126
RBG,VOR-DME,43.18239975,-123.3519974,1320
RBL,VORTAC,40.09889984,-122.2360001,322
RBS,VOR-DME,40.58169937,-88.16429901,780
RBV,VORTAC,40.20240021,-74.49500275,250
RBX,VOR-DME,35.92050171,-75.69689941,10
RCA,TACAN,44.13899994,-103.1019974,3200
RDD,VOR-DME,40.50460052,-122.2919998,490
RDR,TACAN,47.9571991,-97.40579987,951
RDU,VORTAC,35.87250137,-78.78330231,429
RDY,TACAN,39.2132988,-106.8580017,8000
REC,VOR-DME,40.54650116,-78.74700165,2340
REO,VORTAC,42.59049988,-117.8679962,4050
RFD,VOR-DME,42.2256012,-89.19930267,860
RHI,VORTAC,45.63380051,-89.45780182,1590
RIC,VORTAC,37.50230026,-77.32029724,159
RID,VORTAC,39.75510025,-84.83879852,1135
RIL,VOR-DME,39.52809906,-107.7160034,5529
RIS,VOR-DME,39.12039948,-94.59660339,740
RIV,TACAN,33.90650177,-117.2750015,1540
RIW,VOR-DME,43.06570053,-108.4560013,5450
RKA,VOR-DME,42.46630096,-75.23919678,2032
RLG,VOR-DME,40.00260162,-106.4420013,9370
RLY,VOR-DME,43.96409988,-107.9509964,4190
RMG,VORTAC,34.16260147,-85.11940002,1150
RND,VORTAC,29.51919937,-98.28520203,773
RNL,VOR,37.97529984,-80.8065033,3350
ROA,VORTAC,37.34339905,-80.07039642,3060
ROC,VORTAC,43.12070084,-77.67359924,549
ROD,VORTAC,40.28779984,-84.04309845,1080
ROM,VOR,36.14039993,-120.6650009,3880
ROX,VOR-DME,48.85469818,-95.69499969,1059
RPD,VOR-DME,45.41519928,-91.77799988,1092
RQR,VOR-DME,30.08749962,-90.58860016,7
RQZ,VORTAC,34.79710007,-86.6339035,1200
RRS,VORTAC,31.28440094,-85.43119812,360
RSG,VORTAC,30.01460075,-100.3000031,2310
RSK,VORTAC,36.74840164,-108.098999,5823
RST,VOR-DME,43.78290176,-92.59690094,1380
RSV,VOR-DME,39.01810074,-87.64859772,490
RSW,VORTAC,26.5298996,-81.77580261,25
RUT,VOR-DME,43.52659988,-72.95069885,781
RWF,VOR-DME,44.46720123,-95.12830353,1060
RWL,VOR-DME,41.80479813,-107.2040024,6750
RYM,TACAN,46.0909996,-94.35500336,1149
RZC,VORTAC,36.24639893,-94.12139893,1331
RZN,VOR-DME,45.82040024,-92.37449646,987
RZS,VORTAC,34.5094986,-119.7710037,3620
SAC,VORTAC,38.4435997,-121.552002,10
SAE,VOR-DME,41.11909866,-101.776001,3256
SAF,VORTAC,35.54050064,-106.0650024,6263
SAM,VOR-DME,38.48519897,-88.08580017,540
SAT,VORTAC,29.6439991,-98.46130371,1160
SAU,VORTAC,37.8553009,-122.5230026,1040
SAV,VORTAC,32.14630127,-81.19909668,9
SAW,VOR-DME,46.35889816,-87.39720154,1220
SAX,VORTAC,41.06750107,-74.53829956,1410
SBI,VOR-DME,29.68670082,-94.03800201,10
SBJ,VOR-DME,40.58300018,-74.74169922,190
SBV,VORTAC,36.67499924,-79.01450348,530
SBY,VORTAC,38.34500122,-75.51059723,50
SCB,VOR-DME,41.6053009,-96.62860107,1317
SCC,VOR-DME,70.19920349,-148.4160004,74
SDO,VORTAC,41.40710068,-118.0350037,4161
SDZ,VORTAC,35.2154007,-79.58799744,590
SEA,VORTAC,47.4353981,-122.3099976,354
SEG,VORTAC,40.79079819,-76.88400269,620
SEY,VOR-DME,41.16740036,-71.57610321,100
SFK,VOR-DME,41.69530106,-77.41989899,1990
SFL,VORTAC,31.74810028,-105.086998,3730
SFO,VOR-DME,37.61949921,-122.3740005,13
SGD,VORTAC,38.1794014,-122.3730011,10
SGF,VORTAC,37.35589981,-93.33399963,1240
SGH,VOR-DME,39.83649826,-83.84500122,1050
SGJ,VOR-DME,29.95669937,-81.33039856,10
SHB,VORTAC,39.63259888,-85.82430267,810
SHP,TACAN,33.98260117,-98.48729706,1020
SHR,VORTAC,44.84230042,-107.060997,4410
SHY,VOR-DME,38.04059982,-92.60240173,910
SIE,VORTAC,39.09550095,-74.8003006,10
SJC,VOR-DME,37.37469864,-121.9449997,43
SJI,VORTAC,30.72599983,-88.35929871,190
SJN,VORTAC,34.42409897,-109.1439972,6840
SJT,VORTAC,31.375,-100.4550018,1890
SKA,TACAN,47.6106987,-117.6620026,2460
SKE,TACAN,38.54539871,-89.85160065,482
SKY,VOR-DME,41.43450165,-82.65480042,580
SLI,VORTAC,33.78329849,-118.0550003,23
SLK,VOR-DME,44.38460159,-74.20449829,1650
SLN,VORTAC,38.92509842,-97.62139893,1310
SLR,VOR-DME,33.19860077,-95.54260254,480
SLT,VORTAC,41.51279831,-77.9701004,2320
SMO,VOR-DME,34.0102005,-118.4570007,114
SNS,VORTAC,36.66379929,-121.6029968,101
SNY,VORTAC,41.09669876,-102.9830017,4300
SOK,VORTAC,21.90040016,-159.529007,630
SOT,VORTAC,35.7901001,-83.05239868,4239
SPA,VORTAC,35.03369904,-81.92710114,910
SPI,VORTAC,39.83969879,-89.67769623,587
SPS,VORTAC,33.98730087,-98.59349823,1100
SPW,VOR-DME,43.16220093,-95.2009964,1330
SPY,NDB-DME,57.15779877,-170.2310028,43
SQA,VOR-DME,61.0984993,-155.6349945,2501
SQS,VORTAC,33.46390152,-90.27729797,125
SRI,NDB-DME,56.57389832,-169.647995,97
SRQ,VORTAC,27.39780045,-82.5542984,20
SSC,TACAN,33.97779846,-80.46620178,241
SSF,VOR,29.25839996,-98.4434967,540
SSI,VORTAC,31.05050087,-81.44599915,10
SSM,VOR-DME,46.41199875,-84.31490326,690
SSO,VORTAC,32.26919937,-109.2630005,3600
SSR,VORTAC,58.17770004,-135.2590027,50
SSU,VOR,37.76390076,-80.3015976,3330
STC,VOR-DME,45.54930115,-94.05860138,1025
STE,VORTAC,44.54320145,-89.5306015,1110
STJ,VORTAC,39.96060181,-94.92520142,1160
STL,VORTAC,38.8606987,-90.48239899,450
STS,VOR-DME,38.5080986,-122.810997,120
STV,VORTAC,30.20680046,-98.70580292,1530
STW,VOR-DME,40.99580002,-74.8690033,920
SUG,VORTAC,35.40650177,-82.26860046,3970
SUU,TACAN,38.24560165,-121.9449997,32
SUX,VORTAC,42.3445015,-96.32360077,1087
SVC,VORTAC,32.63769913,-108.1610031,5423
SVM,VORTAC,42.40890121,-83.59410095,950
SVN,VOR-DME,32.01190186,-81.14089966,40
SWB,VOR-DME,31.97319984,-92.67710114,164
SWL,VORTAC,38.05659866,-75.46389771,40
SWO,VOR-DME,36.22430038,-97.08129883,1020
SWR,VOR-DME,39.18030167,-120.2699966,8850
SXC,VORTAC,33.37509918,-118.4199982,2090
SXW,VOR-DME,39.62950134,-106.9909973,8060
SYA,VORTAC,52.71829987,174.0619965,68
SYI,VOR-DME,35.56200027,-86.43920135,810
SYO,VORTAC,35.34519958,-99.63529968,1990
SYR,VORTAC,43.16049957,-76.20459747,420
SZL,TACAN,38.7356987,-93.55039978,850
SZW,VORTAC,30.55620003,-84.37400055,180
TAL,VOR-DME,65.17710114,-152.1779938,390
TAS,VORTAC,36.60879898,-105.9059982,7860
TAY,VORTAC,30.50460052,-82.55290222,140
TBC,VORTAC,36.12129974,-111.2699966,5045
TBD,VORTAC,29.66430092,-90.82910156,10
TBE,VORTAC,37.25870132,-103.5999985,5730
TBN,VOR,37.74240112,-92.13899994,1175
TCC,VORTAC,35.18209839,-103.598999,4070
TCH,VORTAC,40.85029984,-111.9820023,4220
TCM,VORTAC,47.14770126,-122.4749985,284
TCS,VORTAC,33.28250122,-107.2809982,4905
TDD,VOR-DME,41.9817009,-100.7190018,3180
TDG,VOR-DME,33.57519913,-86.04270172,530
TDT,VORTAC,41.71300125,-79.41729736,1710
TEB,VOR-DME,40.84870148,-74.06220245,10
TFD,VORTAC,32.88589859,-111.9089966,1316
TGE,VOR-DME,32.48460007,-85.66929626,490
THS,VORTAC,39.93320084,-77.95089722,2340
THX,VORTAC,28.50499916,-98.15049744,270
TIK,TACAN,35.43650055,-97.37969971,1251
TKA,VOR-DME,62.29869843,-150.1060028,360
TKO,VORTAC,39.8064003,-98.26000214,1880
TNC,NDB-DME,65.56199646,-167.923996,269
TNP,VORTAC,34.11220169,-115.7699966,1350
TNU,VOR-DME,41.78379822,-93.10900116,980
TNV,VORTAC,30.28849983,-96.05819702,230
TOG,NDB-DME,59.06409836,-160.3739929,21
TOL,TACAN,41.59370041,-83.79940033,671
TON,VORTAC,40.73509979,-78.33129883,2630
TOP,VORTAC,39.13710022,-95.54910278,1070
TOU,VORTAC,48.29990005,-124.6269989,1650
TOY,VORTAC,38.73920059,-89.91860199,570
TPH,VORTAC,38.03070068,-117.0339966,5330
TPL,VOR-DME,31.20929909,-97.42500305,710
TQA,VOR-DME,32.2356987,-99.81680298,2018
TQE,VOR,41.75960159,-96.1785965,1030
TRM,VORTAC,33.62810135,-116.1600037,-87
TTE,VOR-DME,35.9131012,-119.0210037,580
TTH,VORTAC,39.48899841,-87.24900055,610
TTS,TACAN,28.62619972,-80.69580078,57
TTT,VOR-DME,32.86920166,-97.04049683,540
TUL,VORTAC,36.19630051,-95.7881012,770
TUS,VORTAC,32.09519958,-110.9150009,2672
TVC,VORTAC,44.66790009,-85.55000305,910
TVF,VOR-DME,48.06930161,-96.18650055,1110
TVT,VOR-DME,40.45800018,-82.12680054,1340
TWF,VORTAC,42.47990036,-114.4889984,4140
TXC,VORTAC,39.69829941,-103.2149963,4893
TXK,VORTAC,33.51390076,-94.07319641,270
TXO,VORTAC,34.49509811,-102.8399963,4060
TYI,VORTAC,35.97669983,-77.70379639,70
TYR,VOR-DME,32.35589981,-95.40350342,540
TZZ,VOR,38.34420013,-121.810997,32
UBG,VOR-DME,45.35319901,-122.9779968,1440
UCA,VORTAC,43.0265007,-75.16449738,1420
UIA,VOR,31.30949974,-86.39219666,330
UIM,VOR-DME,32.88040161,-95.3667984,520
UIN,VORTAC,39.84790039,-91.27880096,710
UJM,VOR-DME,34.57500076,-90.67440033,241
UKN,VORTAC,43.28010178,-91.53739929,1300
UKW,VORTAC,33.53590012,-97.82129669,1100
ULL,VOR-DME,63.69229889,-170.4700012,380
ULM,NDB-DME,44.31790161,-94.49810028,1010
ULW,VOR-DME,42.09420013,-77.02480316,1620
UNK,VOR-DME,63.89189911,-160.6840057,430
UPP,VORTAC,20.20050049,-155.8430023,1760
URH,VOR-DME,33.94419861,-96.39179993,681
UXM,VOR,35.38040161,-86.2457962,1082
VAD,VORTAC,30.96010017,-83.19339752,213
VAN,VORTAC,33.47480011,-80.44860077,140
VBG,TACAN,34.73260117,-120.5830002,370
VCN,VORTAC,39.53770065,-74.96710205,120
VCT,VOR-DME,28.90029907,-96.97889709,130
VCV,VOR-DME,34.59420013,-117.3899994,2855
VEL,VOR-DME,40.37900162,-109.4929962,5344
VHP,VORTAC,39.81470108,-86.36759949,870
VIH,VOR-DME,38.15409851,-91.70680237,1110
VIO,VOR-DME,42.7867012,-85.49710083,800
VIS,VOR-DME,36.36729813,-119.4820023,263
VKZ,VOR-DME,25.75189972,-80.15440369,5
VLA,VORTAC,39.09370041,-89.16249847,604
VNA,VORTAC,32.21340179,-83.49729919,300
VNN,VOR-DME,38.36199951,-88.80729675,555
VNY,VOR-DME,34.22340012,-118.4919968,810
VOK,TACAN,43.94290161,-90.25900269,961
VQQ,VOR,30.21299934,-81.89089966,70
VRB,VORTAC,27.67840004,-80.48960114,20
VTU,VOR-DME,34.11510086,-119.0490036,1560
VUH,VORTAC,29.26930046,-94.86769867,4
VUZ,VORTAC,33.67020035,-86.89980316,750
VWV,VOR-DME,41.45149994,-83.63870239,660
VXV,VORTAC,35.90480042,-83.8946991,1290
WLK,VOR-DME,66.59950256,-159.9909973,7
XSF,TACAN,39.83810043,-83.84059906,1050
XUB,VOR,39.52690125,-82.97789764,690
YAK,VOR-DME,59.51079941,-139.647995,35
YKM,VORTAC,46.57030106,-120.4449997,980
YKN,VOR-DME,42.91839981,-97.38500214,1301
YNG,VORTAC,41.33100128,-80.67469788,1160
YRK,VORTAC,38.64410019,-82.978302,1040
ZUN,VORTAC,34.96580124,-109.1549988,6550
ZZV,VOR-DME,39.9408989,-81.89260101,900
